[{"model": "account.customuser", "pk": 1, "fields": {"password": "pbkdf2_sha256$320000$mLP4plYDXVGmu9XOu9CXv9$FQWjYVgWPYSNsbREzibZkGxwJWxPxzRBg/nBtxRRRB4=", "last_login": "2022-01-14T08:54:08.881Z", "is_superuser": true, "first_name": "", "last_name": "", "is_staff": true, "is_active": true, "date_joined": "2022-01-13T10:43:07.686Z", "email": "admin@ya.ry", "email_mailing": true, "surname": null, "phone": null, "birthday": null, "zip_code": null, "address": null, "city": null, "country": null, "groups": [], "user_permissions": []}}, {"model": "account.customuser", "pk": 3, "fields": {"password": "pbkdf2_sha256$320000$5as3BBL9DtNL19GS1GdFVY$7RfzchyS+LusMXq1kDut6bYUaekC34hiuSDYj7IApTU=", "last_login": "2022-01-14T08:53:14.270Z", "is_superuser": false, "first_name": "", "last_name": "", "is_staff": false, "is_active": true, "date_joined": "2022-01-14T08:33:50.767Z", "email": "admin@2.ru", "email_mailing": true, "surname": null, "phone": null, "birthday": null, "zip_code": null, "address": null, "city": null, "country": null, "groups": [], "user_permissions": []}}, {"model": "account.customuser", "pk": 4, "fields": {"password": "pbkdf2_sha256$320000$5sYZXav4S6gbG1isXYELns$Lu+6n4VvsPxltz9yEQWYLDyXLSaLiu6pphFbWow1a98=", "last_login": "2022-01-16T15:39:13.426Z", "is_superuser": true, "first_name": "", "last_name": "", "is_staff": true, "is_active": true, "date_joined": "2022-01-14T08:59:45.364Z", "email": "admin@a.ru", "email_mailing": true, "surname": null, "phone": null, "birthday": null, "zip_code": null, "address": null, "city": null, "country": null, "groups": [], "user_permissions": []}}, {"model": "account.customuser", "pk": 5, "fields": {"password": "pbkdf2_sha256$320000$B61T16JVV74oasruKAOsWc$I034UmCUw/Alr0ZzSpoyMd3Ei7ZxrnDLVbXjP1OVnDg=", "last_login": null, "is_superuser": false, "first_name": "", "last_name": "", "is_staff": false, "is_active": false, "date_joined": "2022-01-14T12:11:00.626Z", "email": "admin32@2.ru", "email_mailing": true, "surname": null, "phone": null, "birthday": null, "zip_code": null, "address": null, "city": null, "country": null, "groups": [], "user_permissions": []}}, {"model": "account.customuser", "pk": 6, "fields": {"password": "pbkdf2_sha256$320000$iGkGcp0AdV8epyOwLkNRFr$R5dyl/foNqONpJdBcG7CWXY5MMGx7pIbNL/M8aSocAo=", "last_login": "2022-01-14T13:32:53.882Z", "is_superuser": false, "first_name": "", "last_name": "", "is_staff": false, "is_active": false, "date_joined": "2022-01-14T13:32:53.410Z", "email": "admin3222@2.ru", "email_mailing": true, "surname": null, "phone": null, "birthday": null, "zip_code": null, "address": null, "city": null, "country": null, "groups": [], "user_permissions": []}}, {"model": "account.customuser", "pk": 7, "fields": {"password": "pbkdf2_sha256$320000$jutP5SXfbnryTFN4vf4vbc$E3CnN2OdMgi35zJk7N9R6H6JPu6OXdtZakpkAwGm8yo=", "last_login": "2022-01-14T13:53:03.250Z", "is_superuser": false, "first_name": "", "last_name": "", "is_staff": false, "is_active": false, "date_joined": "2022-01-14T13:53:02.981Z", "email": "admin322@2.ru", "email_mailing": true, "surname": null, "phone": null, "birthday": null, "zip_code": null, "address": null, "city": null, "country": null, "groups": [], "user_permissions": []}}, {"model": "account.customuser", "pk": 8, "fields": {"password": "pbkdf2_sha256$320000$mrto37nhJjmfb4LD1YQMnP$U+XDPJglBExLoklTtSoc4ZlbNxdp2lgypW3Mr8Nozkc=", "last_login": "2022-01-14T13:56:10.872Z", "is_superuser": false, "first_name": "", "last_name": "", "is_staff": false, "is_active": false, "date_joined": "2022-01-14T13:56:10.592Z", "email": "admin32222@2.ru", "email_mailing": true, "surname": null, "phone": null, "birthday": null, "zip_code": null, "address": null, "city": null, "country": null, "groups": [], "user_permissions": []}}, {"model": "account.customuser", "pk": 9, "fields": {"password": "pbkdf2_sha256$260000$YxLnohi77IRG5fLD4KwUMB$DLjISkfopkO4aNf50vr87F62/ROg0MEDZ4/T1iDEWWA=", "last_login": "2022-02-02T20:56:34.446Z", "is_superuser": true, "first_name": "Василий", "last_name": "Наместников", "is_staff": true, "is_active": true, "date_joined": "2022-01-14T14:25:21.216Z", "email": "namedima4@gmail.com", "email_mailing": false, "surname": null, "phone": "89967773481", "birthday": "1998-08-11", "zip_code": "197760", "address": "Посадская 4, 16", "city": "Кронштадт", "country": "Россия", "groups": [], "user_permissions": []}}, {"model": "account.customuser", "pk": 10, "fields": {"password": "pbkdf2_sha256$320000$xMvdNQE86upSROKl32JLoK$nbT/jmbbc08dYr8SEgDtuMvjq8W9kTufibds4TcrKhc=", "last_login": "2022-01-22T12:52:14.395Z", "is_superuser": false, "first_name": "", "last_name": "", "is_staff": false, "is_active": true, "date_joined": "2022-01-14T22:09:03.339Z", "email": "namedima5@gmail.com", "email_mailing": true, "surname": null, "phone": null, "birthday": null, "zip_code": null, "address": null, "city": null, "country": null, "groups": [], "user_permissions": []}}, {"model": "account.customuser", "pk": 11, "fields": {"password": "pbkdf2_sha256$320000$Hxf997C7xtJJYKcJgOy5Ps$LVHNh3EJD66RrKKjLvXP4dTA+qTdWPAJ9ARK+0VlYv0=", "last_login": null, "is_superuser": false, "first_name": "", "last_name": "", "is_staff": false, "is_active": false, "date_joined": "2022-01-15T12:00:35.564Z", "email": "namedima6@gmail.com", "email_mailing": true, "surname": null, "phone": null, "birthday": null, "zip_code": null, "address": null, "city": null, "country": null, "groups": [], "user_permissions": []}}, {"model": "account.customuser", "pk": 12, "fields": {"password": "pbkdf2_sha256$320000$lYOtu8NVCFdR4RwmU2H9Vy$mSY2DbQ5RDqCV/qwXl4dkeN/NO8JeI3jCcTUCvPDRCM=", "last_login": null, "is_superuser": false, "first_name": "", "last_name": "", "is_staff": false, "is_active": true, "date_joined": "2022-01-15T12:09:37.049Z", "email": "namedima7@gmail.com", "email_mailing": true, "surname": null, "phone": null, "birthday": null, "zip_code": null, "address": null, "city": null, "country": null, "groups": [], "user_permissions": []}}, {"model": "account.customuser", "pk": 13, "fields": {"password": "pbkdf2_sha256$320000$Loky9QnoUm8C6785sf7zMZ$xaAW3WYhGkFeGOmew0wVw7poPtGO3jUdeGnyDT+OV8s=", "last_login": null, "is_superuser": false, "first_name": "", "last_name": "", "is_staff": false, "is_active": false, "date_joined": "2022-01-15T12:11:16.542Z", "email": "namedima8@gmail.com", "email_mailing": true, "surname": null, "phone": null, "birthday": null, "zip_code": null, "address": null, "city": null, "country": null, "groups": [], "user_permissions": []}}, {"model": "account.customuser", "pk": 14, "fields": {"password": "pbkdf2_sha256$320000$PioN3piOwlffw4KTNhtO9l$pPzgPNE6hqAglpvFRCYWQjpuKdNpx+d/3DhKeFTDQzk=", "last_login": null, "is_superuser": false, "first_name": "", "last_name": "", "is_staff": false, "is_active": false, "date_joined": "2022-01-15T12:14:06.266Z", "email": "namedima9@gmail.com", "email_mailing": true, "surname": null, "phone": null, "birthday": null, "zip_code": null, "address": null, "city": null, "country": null, "groups": [], "user_permissions": []}}, {"model": "account.customuser", "pk": 15, "fields": {"password": "pbkdf2_sha256$320000$Vr8ChICNKUKuBuOBDOHms7$N5+e7zmS3uLSsLKWWhN0mo3Z2GPjxh6keEX44NKOwMY=", "last_login": null, "is_superuser": false, "first_name": "", "last_name": "", "is_staff": false, "is_active": false, "date_joined": "2022-01-15T12:16:25.319Z", "email": "namedima10@gmail.com", "email_mailing": true, "surname": null, "phone": null, "birthday": null, "zip_code": null, "address": null, "city": null, "country": null, "groups": [], "user_permissions": []}}, {"model": "account.customuser", "pk": 16, "fields": {"password": "pbkdf2_sha256$320000$HEFy992S98TEWC543zwJeR$n2bMqXl0PIi0TS9MAFYWG2+MjQr6r8XtFnLkVex3bQI=", "last_login": null, "is_superuser": false, "first_name": "", "last_name": "", "is_staff": false, "is_active": false, "date_joined": "2022-01-15T12:17:24.137Z", "email": "namedima11@gmail.com", "email_mailing": true, "surname": null, "phone": null, "birthday": null, "zip_code": null, "address": null, "city": null, "country": null, "groups": [], "user_permissions": []}}, {"model": "account.customuser", "pk": 17, "fields": {"password": "pbkdf2_sha256$320000$OJX0YDzt4hP0Jdm1hIdA3e$ByyskHn1OpWM/w3GVpG6c0gzCC5DxmvSf41Di+Uab3o=", "last_login": null, "is_superuser": false, "first_name": "", "last_name": "", "is_staff": false, "is_active": false, "date_joined": "2022-01-15T12:17:51.126Z", "email": "namedima12@gmail.com", "email_mailing": true, "surname": null, "phone": null, "birthday": null, "zip_code": null, "address": null, "city": null, "country": null, "groups": [], "user_permissions": []}}, {"model": "account.customuser", "pk": 18, "fields": {"password": "pbkdf2_sha256$320000$f6Kt8Dj2u3uv2bohYOOL9s$huuslNYzLL0+eI4R/thEKSDxRby6KQH6XWu+NxuXAd8=", "last_login": null, "is_superuser": false, "first_name": "", "last_name": "", "is_staff": false, "is_active": false, "date_joined": "2022-01-15T12:21:06.438Z", "email": "namedima13@gmail.com", "email_mailing": true, "surname": null, "phone": null, "birthday": null, "zip_code": null, "address": null, "city": null, "country": null, "groups": [], "user_permissions": []}}, {"model": "account.customuser", "pk": 19, "fields": {"password": "pbkdf2_sha256$320000$5JhHu4AFl4xa5hdgL70hpu$O8FvtIwoE8eCkux6u350RFgF6HQB40eW5rBrVAuIjl8=", "last_login": null, "is_superuser": false, "first_name": "", "last_name": "", "is_staff": false, "is_active": false, "date_joined": "2022-01-15T12:22:21.106Z", "email": "namedima14@gmail.com", "email_mailing": true, "surname": null, "phone": null, "birthday": null, "zip_code": null, "address": null, "city": null, "country": null, "groups": [], "user_permissions": []}}, {"model": "account.customuser", "pk": 20, "fields": {"password": "pbkdf2_sha256$320000$BLRDAI8fbDeIAajJrcnmWX$ne02WDIuh9d7qzf6ZhLeW3lktmbEsHS8wti3IGH+Bts=", "last_login": null, "is_superuser": false, "first_name": "", "last_name": "", "is_staff": false, "is_active": false, "date_joined": "2022-01-15T12:23:49.932Z", "email": "namedima15@gmail.com", "email_mailing": true, "surname": null, "phone": null, "birthday": null, "zip_code": null, "address": null, "city": null, "country": null, "groups": [], "user_permissions": []}}, {"model": "account.customuser", "pk": 21, "fields": {"password": "pbkdf2_sha256$320000$5v8qsb6DbUE2XC5w4hvm1E$CyPVhtEocoUDdpQJywK1As+Y7FE/KplkFnAVrywiOBU=", "last_login": null, "is_superuser": false, "first_name": "", "last_name": "", "is_staff": false, "is_active": false, "date_joined": "2022-01-15T12:27:36.365Z", "email": "namedima17@gmail.com", "email_mailing": true, "surname": null, "phone": null, "birthday": null, "zip_code": null, "address": null, "city": null, "country": null, "groups": [], "user_permissions": []}}, {"model": "account.customuser", "pk": 22, "fields": {"password": "pbkdf2_sha256$320000$bagYl17yUBn8qflSFSwIRo$SsF32UUAcsmpRv0UOvxh1/sg0f1cRUdGUzMJbsZ6kWE=", "last_login": null, "is_superuser": false, "first_name": "", "last_name": "", "is_staff": false, "is_active": false, "date_joined": "2022-01-15T12:29:15.330Z", "email": "namedima18@gmail.com", "email_mailing": true, "surname": null, "phone": null, "birthday": null, "zip_code": null, "address": null, "city": null, "country": null, "groups": [], "user_permissions": []}}, {"model": "account.customuser", "pk": 23, "fields": {"password": "pbkdf2_sha256$320000$mOWy7iGgnD4OiDuqdVwtn1$b7FH9nU5UD8oniAIf4dJ3blgNdz46LCJdbGD4viUHgY=", "last_login": null, "is_superuser": false, "first_name": "", "last_name": "", "is_staff": false, "is_active": false, "date_joined": "2022-01-15T12:31:15.446Z", "email": "namedima19@gmail.com", "email_mailing": true, "surname": null, "phone": null, "birthday": null, "zip_code": null, "address": null, "city": null, "country": null, "groups": [], "user_permissions": []}}, {"model": "account.customuser", "pk": 24, "fields": {"password": "pbkdf2_sha256$320000$bzqXuYySnd3IvEajnA9NzT$L25nvkNDiAl+Jlek6AqH1NjGnu50dCKSO8YODlOgGbs=", "last_login": null, "is_superuser": false, "first_name": "", "last_name": "", "is_staff": false, "is_active": false, "date_joined": "2022-01-15T12:34:48.711Z", "email": "namedima20@gmail.com", "email_mailing": true, "surname": null, "phone": null, "birthday": null, "zip_code": null, "address": null, "city": null, "country": null, "groups": [], "user_permissions": []}}, {"model": "account.customuser", "pk": 25, "fields": {"password": "pbkdf2_sha256$320000$6PqgIkfAO6dMzROr3iYSEG$jDa9R0FFLI5A3Rcp8N77083RTAcQOJOrXYtHMfrjosk=", "last_login": null, "is_superuser": false, "first_name": "", "last_name": "", "is_staff": false, "is_active": false, "date_joined": "2022-01-15T12:38:51.663Z", "email": "namedima21@gmail.com", "email_mailing": true, "surname": null, "phone": null, "birthday": null, "zip_code": null, "address": null, "city": null, "country": null, "groups": [], "user_permissions": []}}, {"model": "account.customuser", "pk": 26, "fields": {"password": "pbkdf2_sha256$320000$HXOXQ3ikirvuVHAWq2sdho$4054tCEggHiiBSfcKwsXekDBrlWj5h8Bqt28lmped+c=", "last_login": null, "is_superuser": false, "first_name": "", "last_name": "", "is_staff": false, "is_active": true, "date_joined": "2022-01-15T12:39:20.694Z", "email": "namedima22@gmail.com", "email_mailing": true, "surname": null, "phone": null, "birthday": null, "zip_code": null, "address": null, "city": null, "country": null, "groups": [], "user_permissions": []}}, {"model": "account.customuser", "pk": 27, "fields": {"password": "pbkdf2_sha256$320000$v8bfLI3t8ymvH2h5TsBUkQ$lSROOhCPI8pF/y8KiMLFM7IHrk+DVYEkpzu0X6GVO2k=", "last_login": null, "is_superuser": false, "first_name": "", "last_name": "", "is_staff": false, "is_active": true, "date_joined": "2022-01-15T12:40:19.398Z", "email": "namedima25@gmail.com", "email_mailing": true, "surname": null, "phone": null, "birthday": null, "zip_code": null, "address": null, "city": null, "country": null, "groups": [], "user_permissions": []}}, {"model": "account.customuser", "pk": 28, "fields": {"password": "pbkdf2_sha256$320000$fsy15edocHhsSlM0vHbwaB$IOMd/jWxol97Fkspbp9xSihFbWjsxU2TdWd6w2L2TGQ=", "last_login": null, "is_superuser": false, "first_name": "", "last_name": "", "is_staff": false, "is_active": false, "date_joined": "2022-01-15T12:41:23.436Z", "email": "namedima26@gmail.com", "email_mailing": true, "surname": null, "phone": null, "birthday": null, "zip_code": null, "address": null, "city": null, "country": null, "groups": [], "user_permissions": []}}, {"model": "account.customuser", "pk": 29, "fields": {"password": "pbkdf2_sha256$320000$nGzw3FbNdeEIhzDWpXCPZz$OresXU1WqEJalCJ6WtS7w19jWUqbi8Nyk1TGdJDz2WU=", "last_login": null, "is_superuser": false, "first_name": "", "last_name": "", "is_staff": false, "is_active": false, "date_joined": "2022-01-15T12:45:35.730Z", "email": "namedima27@gmail.com", "email_mailing": true, "surname": null, "phone": null, "birthday": null, "zip_code": null, "address": null, "city": null, "country": null, "groups": [], "user_permissions": []}}, {"model": "account.customuser", "pk": 30, "fields": {"password": "pbkdf2_sha256$320000$syjjPsJ0AnNj0eBrVlHU6g$wn4HCjUPDnBLpi1Gcp2MnES8YvFQPwHmkbRoh2AG4sI=", "last_login": null, "is_superuser": false, "first_name": "", "last_name": "", "is_staff": false, "is_active": false, "date_joined": "2022-01-15T12:47:26.294Z", "email": "namedima28@gmail.com", "email_mailing": true, "surname": null, "phone": null, "birthday": null, "zip_code": null, "address": null, "city": null, "country": null, "groups": [], "user_permissions": []}}, {"model": "account.customuser", "pk": 31, "fields": {"password": "pbkdf2_sha256$320000$xp2iWsCjL13WtJa3yIpKWm$kSHo96A1JqjW210ZzNbH1goOqLYj3KlefZRIa9Yjo2g=", "last_login": null, "is_superuser": false, "first_name": "", "last_name": "", "is_staff": false, "is_active": false, "date_joined": "2022-01-15T12:48:36.071Z", "email": "namedima29@gmail.com", "email_mailing": true, "surname": null, "phone": null, "birthday": null, "zip_code": null, "address": null, "city": null, "country": null, "groups": [], "user_permissions": []}}, {"model": "account.customuser", "pk": 32, "fields": {"password": "pbkdf2_sha256$320000$dcLVJEF9rTTU2KJz8YEQ8Q$BVECfv45zkkuTUGh2ggtLfYX9mDq4/6qDRSc6Rjzxeo=", "last_login": null, "is_superuser": false, "first_name": "", "last_name": "", "is_staff": false, "is_active": false, "date_joined": "2022-01-15T12:50:35.040Z", "email": "namedima30@gmail.com", "email_mailing": true, "surname": null, "phone": null, "birthday": null, "zip_code": null, "address": null, "city": null, "country": null, "groups": [], "user_permissions": []}}, {"model": "account.customuser", "pk": 33, "fields": {"password": "pbkdf2_sha256$320000$DLfbafNqxRJrXTLbHfenYl$bap++P4SLEMiD5B2kvv9Jq/88p+gLZDokW0gkwjqpAk=", "last_login": null, "is_superuser": false, "first_name": "", "last_name": "", "is_staff": false, "is_active": false, "date_joined": "2022-01-15T22:03:29.068Z", "email": "admin3@2.ru", "email_mailing": true, "surname": null, "phone": null, "birthday": null, "zip_code": null, "address": null, "city": null, "country": null, "groups": [], "user_permissions": []}}, {"model": "account.customuser", "pk": 34, "fields": {"password": "pbkdf2_sha256$320000$t5H34t0LjvalQKazXmVKEX$WR2bJ1cpPAt8JGT0/TnfgG17f4LRq2y+BceGrcXdKtg=", "last_login": null, "is_superuser": false, "first_name": "", "last_name": "", "is_staff": false, "is_active": false, "date_joined": "2022-01-15T22:06:09.516Z", "email": "admin4@2.ru", "email_mailing": true, "surname": null, "phone": null, "birthday": null, "zip_code": null, "address": null, "city": null, "country": null, "groups": [], "user_permissions": []}}, {"model": "account.customuser", "pk": 35, "fields": {"password": "pbkdf2_sha256$320000$qT4yT1wriwrqH3QC1AUuQh$0la/5Zoe3P89+vgIt/amGGU7BuZO0t8ihxAPXgOyW9E=", "last_login": null, "is_superuser": false, "first_name": "", "last_name": "", "is_staff": false, "is_active": false, "date_joined": "2022-01-15T22:08:23.525Z", "email": "admin5@2.ru", "email_mailing": true, "surname": null, "phone": null, "birthday": null, "zip_code": null, "address": null, "city": null, "country": null, "groups": [], "user_permissions": []}}, {"model": "account.customuser", "pk": 36, "fields": {"password": "pbkdf2_sha256$320000$v7pHkswS6w8zwPvxv5G9SW$+3X8BbA78dX3hYe544w0eq02/C9x+HxPJ9+NDqkN560=", "last_login": null, "is_superuser": false, "first_name": "", "last_name": "", "is_staff": false, "is_active": false, "date_joined": "2022-01-15T22:10:04.681Z", "email": "admin6@2.ru", "email_mailing": true, "surname": null, "phone": null, "birthday": null, "zip_code": null, "address": null, "city": null, "country": null, "groups": [], "user_permissions": []}}, {"model": "account.customuser", "pk": 37, "fields": {"password": "pbkdf2_sha256$320000$2toUH85joyJov4ferbb3VQ$qYbsgdRqsT+pVpwhZjDSLaG1WblAoQKcO9s5ffs5ANA=", "last_login": null, "is_superuser": false, "first_name": "", "last_name": "", "is_staff": false, "is_active": false, "date_joined": "2022-01-15T22:14:56.058Z", "email": "admin8@2.ru", "email_mailing": true, "surname": null, "phone": null, "birthday": null, "zip_code": null, "address": null, "city": null, "country": null, "groups": [], "user_permissions": []}}, {"model": "account.customuser", "pk": 38, "fields": {"password": "pbkdf2_sha256$320000$CxHgLi7O2EhVHR96d3oXyB$pbn0yjIE32RMNaSIcdqOOjemPrsSA8bMh/gfW8dzC7s=", "last_login": null, "is_superuser": false, "first_name": "", "last_name": "", "is_staff": false, "is_active": false, "date_joined": "2022-01-15T22:17:31.438Z", "email": "admin9@2.ru", "email_mailing": true, "surname": null, "phone": null, "birthday": null, "zip_code": null, "address": null, "city": null, "country": null, "groups": [], "user_permissions": []}}, {"model": "account.customuser", "pk": 39, "fields": {"password": "pbkdf2_sha256$320000$iIEfFgKscWQQRuE1fggjK0$npwWVSUSaUMKtp2clfbMYEOl7Ib2JBtoKXYaiwapAVg=", "last_login": null, "is_superuser": false, "first_name": "", "last_name": "", "is_staff": false, "is_active": false, "date_joined": "2022-01-15T22:18:55.147Z", "email": "namedimaa@gmail.com", "email_mailing": true, "surname": null, "phone": null, "birthday": null, "zip_code": null, "address": null, "city": null, "country": null, "groups": [], "user_permissions": []}}, {"model": "account.customuser", "pk": 40, "fields": {"password": "pbkdf2_sha256$320000$IAmNrgOaI7jGI2ffmYy7m2$py350hsH1LCtsQfx6eAdZA0AdW+nbYOx6gaMUh9bBKo=", "last_login": null, "is_superuser": false, "first_name": "", "last_name": "", "is_staff": false, "is_active": false, "date_joined": "2022-01-15T22:20:52.104Z", "email": "namedimaa11@gmail.com", "email_mailing": true, "surname": null, "phone": null, "birthday": null, "zip_code": null, "address": null, "city": null, "country": null, "groups": [], "user_permissions": []}}, {"model": "account.customuser", "pk": 41, "fields": {"password": "pbkdf2_sha256$320000$CmOTOBz16DttFT4Vn2OhyE$J/hXO6Ywx5SrQS/rPwryjo373U+qL9Kof5hsnJ5Fu9A=", "last_login": null, "is_superuser": false, "first_name": "", "last_name": "", "is_staff": false, "is_active": false, "date_joined": "2022-01-15T22:24:05.094Z", "email": "namedimaa12@gmail.com", "email_mailing": true, "surname": null, "phone": null, "birthday": null, "zip_code": null, "address": null, "city": null, "country": null, "groups": [], "user_permissions": []}}, {"model": "account.customuser", "pk": 42, "fields": {"password": "pbkdf2_sha256$320000$tb25CqrehHoFKYKyYmaAAR$BuDUpcjrNb4OnVAfeJoMWTfv7/Uh3YiERiB8Q0UGCZE=", "last_login": null, "is_superuser": false, "first_name": "", "last_name": "", "is_staff": false, "is_active": false, "date_joined": "2022-01-15T22:25:04.234Z", "email": "namedimaa13@gmail.com", "email_mailing": true, "surname": null, "phone": null, "birthday": null, "zip_code": null, "address": null, "city": null, "country": null, "groups": [], "user_permissions": []}}, {"model": "account.customuser", "pk": 43, "fields": {"password": "pbkdf2_sha256$320000$QxBUkyyW4OOuu5yLrNdas1$oZcdcaPhV+3XBOaCnu2WEz7C4EnlkHu+20+beUJubAg=", "last_login": null, "is_superuser": false, "first_name": "", "last_name": "", "is_staff": false, "is_active": false, "date_joined": "2022-01-16T16:15:10.834Z", "email": "namedima35@gmail.com", "email_mailing": true, "surname": null, "phone": null, "birthday": null, "zip_code": null, "address": null, "city": null, "country": null, "groups": [], "user_permissions": []}}, {"model": "account.customuser", "pk": 44, "fields": {"password": "pbkdf2_sha256$260000$kkUqjEIXLSm0mr23Iy1EMJ$1aaZ0n/wb7PFlfj5hhgGZyyd7UIsrzrq5w42PQ2cxb8=", "last_login": null, "is_superuser": false, "first_name": "", "last_name": "", "is_staff": false, "is_active": false, "date_joined": "2022-01-16T16:24:29.437Z", "email": "namedima41@gmail.com", "email_mailing": true, "surname": null, "phone": null, "birthday": null, "zip_code": null, "address": null, "city": null, "country": null, "groups": [], "user_permissions": []}}, {"model": "account.customuser", "pk": 45, "fields": {"password": "pbkdf2_sha256$260000$U00MzEP3cKT2TaZv5GByXV$xJUXUO9nxsi+gkDcyeIVbn2S02y7prNNvEQGGnTrt6o=", "last_login": null, "is_superuser": false, "first_name": "", "last_name": "", "is_staff": false, "is_active": false, "date_joined": "2022-01-16T16:26:59.321Z", "email": "namedima36@gmail.com", "email_mailing": true, "surname": null, "phone": null, "birthday": null, "zip_code": null, "address": null, "city": null, "country": null, "groups": [], "user_permissions": []}}, {"model": "account.customuser", "pk": 46, "fields": {"password": "pbkdf2_sha256$320000$4Y5ILQi17sebGRkzlwNv8f$Xhc9Bun1eO2hV1IY6ZFXGpa7a7l4ALIBwaYrCWYIp3M=", "last_login": null, "is_superuser": false, "first_name": "", "last_name": "", "is_staff": false, "is_active": false, "date_joined": "2022-01-16T16:29:40.627Z", "email": "namedima44@gmail.com", "email_mailing": true, "surname": null, "phone": null, "birthday": null, "zip_code": null, "address": null, "city": null, "country": null, "groups": [], "user_permissions": []}}, {"model": "account.customuser", "pk": 47, "fields": {"password": "pbkdf2_sha256$320000$DtCa2m5hrTHEy4TbviPW14$persnQqSUHM2KWbZn15vHTw2IM0MasDnIvbv6Oxqwsk=", "last_login": null, "is_superuser": false, "first_name": "", "last_name": "", "is_staff": false, "is_active": false, "date_joined": "2022-01-16T16:31:34.704Z", "email": "namedima46@gmail.com", "email_mailing": true, "surname": null, "phone": null, "birthday": null, "zip_code": null, "address": null, "city": null, "country": null, "groups": [], "user_permissions": []}}, {"model": "account.customuser", "pk": 48, "fields": {"password": "pbkdf2_sha256$320000$jhK44ZYUFG0s2ZBjgoK8qM$olnJ07fA89Q5IQ9md1A40lILTXESJhDs76p/czkW3ds=", "last_login": null, "is_superuser": false, "first_name": "", "last_name": "", "is_staff": false, "is_active": true, "date_joined": "2022-01-16T16:41:01.848Z", "email": "namedima47@gmail.com", "email_mailing": true, "surname": null, "phone": null, "birthday": null, "zip_code": null, "address": null, "city": null, "country": null, "groups": [], "user_permissions": []}}, {"model": "account.customuser", "pk": 49, "fields": {"password": "pbkdf2_sha256$320000$GiDMQCqByZNtIjAP8NroA3$aPj/sX0j3z9KCM1UM7rsgVRr/72Qofutqe88XwnopVM=", "last_login": null, "is_superuser": false, "first_name": "", "last_name": "", "is_staff": false, "is_active": true, "date_joined": "2022-01-16T16:44:55.207Z", "email": "namedima49@gmail.com", "email_mailing": true, "surname": null, "phone": null, "birthday": null, "zip_code": null, "address": null, "city": null, "country": null, "groups": [], "user_permissions": []}}, {"model": "account.customuser", "pk": 50, "fields": {"password": "pbkdf2_sha256$320000$vwiRZxrhTGeOAUKDeBdBCo$9xj/iz7zQnx/XrrKHUzh1KzsZYmWjGxl94iisPtGBcg=", "last_login": null, "is_superuser": false, "first_name": "", "last_name": "", "is_staff": false, "is_active": false, "date_joined": "2022-01-16T16:46:36.315Z", "email": "namedima51@gmail.com", "email_mailing": true, "surname": null, "phone": null, "birthday": null, "zip_code": null, "address": null, "city": null, "country": null, "groups": [], "user_permissions": []}}, {"model": "account.customuser", "pk": 51, "fields": {"password": "pbkdf2_sha256$320000$RvHvGviIRChCudwKRYmGkd$BVKp0tuOX1J9lWE2vhUbbsfE6dV3j9ewgad/qpZJat0=", "last_login": null, "is_superuser": false, "first_name": "", "last_name": "", "is_staff": false, "is_active": false, "date_joined": "2022-01-17T13:21:00.248Z", "email": "admin222@2.ru", "email_mailing": true, "surname": null, "phone": null, "birthday": null, "zip_code": null, "address": null, "city": null, "country": null, "groups": [], "user_permissions": []}}, {"model": "account.customuser", "pk": 52, "fields": {"password": "pbkdf2_sha256$320000$yKFe122NXQb5Oa92KY56hv$l5Qax9M7U+HRc5CRlryIzjfT2Vzf+P6JQO2VHTq8IdQ=", "last_login": null, "is_superuser": false, "first_name": "", "last_name": "", "is_staff": false, "is_active": false, "date_joined": "2022-01-17T13:21:36.556Z", "email": "admin2222@2.ru", "email_mailing": true, "surname": null, "phone": null, "birthday": null, "zip_code": null, "address": null, "city": null, "country": null, "groups": [], "user_permissions": []}}, {"model": "account.customuser", "pk": 53, "fields": {"password": "pbkdf2_sha256$320000$02IDjKoiu8mTVYkoAjSj6R$ufc+8CZbHnEfwf7ujQBMUSwCXu5mcX5j8uULob9zGxI=", "last_login": "2022-01-17T13:27:38.990Z", "is_superuser": false, "first_name": "", "last_name": "", "is_staff": false, "is_active": true, "date_joined": "2022-01-17T13:27:30.695Z", "email": "admin22222@2.ru", "email_mailing": true, "surname": null, "phone": null, "birthday": null, "zip_code": null, "address": null, "city": null, "country": null, "groups": [], "user_permissions": []}}, {"model": "admin.logentry", "pk": 1, "fields": {"action_time": "2022-01-13T11:06:27.331Z", "user": 1, "content_type": 3, "object_id": "1", "object_repr": "sh", "action_flag": 1, "change_message": "[{\"added\": {}}]"}}, {"model": "admin.logentry", "pk": 2, "fields": {"action_time": "2022-01-13T11:06:33.203Z", "user": 1, "content_type": 3, "object_id": "1", "object_repr": "sh", "action_flag": 3, "change_message": ""}}, {"model": "admin.logentry", "pk": 3, "fields": {"action_time": "2022-01-13T11:14:13.266Z", "user": 1, "content_type": 7, "object_id": "1", "object_repr": "Одежда", "action_flag": 1, "change_message": "[{\"added\": {}}]"}}, {"model": "admin.logentry", "pk": 4, "fields": {"action_time": "2022-01-13T11:14:24.870Z", "user": 1, "content_type": 7, "object_id": "2", "object_repr": "Обувь", "action_flag": 1, "change_message": "[{\"added\": {}}]"}}, {"model": "admin.logentry", "pk": 5, "fields": {"action_time": "2022-01-13T11:14:31.377Z", "user": 1, "content_type": 7, "object_id": "3", "object_repr": "Скейт", "action_flag": 1, "change_message": "[{\"added\": {}}]"}}, {"model": "admin.logentry", "pk": 6, "fields": {"action_time": "2022-01-13T11:15:24.493Z", "user": 1, "content_type": 6, "object_id": "1", "object_repr": "vans", "action_flag": 1, "change_message": "[{\"added\": {}}]"}}, {"model": "admin.logentry", "pk": 7, "fields": {"action_time": "2022-01-13T11:16:03.255Z", "user": 1, "content_type": 6, "object_id": "2", "object_repr": "Октябрь", "action_flag": 1, "change_message": "[{\"added\": {}}]"}}, {"model": "admin.logentry", "pk": 8, "fields": {"action_time": "2022-01-13T11:16:12.864Z", "user": 1, "content_type": 6, "object_id": "3", "object_repr": "Дикис", "action_flag": 1, "change_message": "[{\"added\": {}}]"}}, {"model": "admin.logentry", "pk": 9, "fields": {"action_time": "2022-01-13T11:16:22.659Z", "user": 1, "content_type": 6, "object_id": "4", "object_repr": "Apea", "action_flag": 1, "change_message": "[{\"added\": {}}]"}}, {"model": "admin.logentry", "pk": 10, "fields": {"action_time": "2022-01-13T11:16:46.111Z", "user": 1, "content_type": 6, "object_id": "5", "object_repr": "hockey", "action_flag": 1, "change_message": "[{\"added\": {}}]"}}, {"model": "admin.logentry", "pk": 11, "fields": {"action_time": "2022-01-13T11:18:28.069Z", "user": 1, "content_type": 9, "object_id": "1", "object_repr": "Одежда - Футболки", "action_flag": 1, "change_message": "[{\"added\": {}}]"}}, {"model": "admin.logentry", "pk": 12, "fields": {"action_time": "2022-01-13T11:20:49.390Z", "user": 1, "content_type": 8, "object_id": "1", "object_repr": "Одежда - OBEY WORLD HOOD", "action_flag": 1, "change_message": "[{\"added\": {}}, {\"added\": {\"name\": \"\\u0418\\u0437\\u043e\\u0431\\u0440\\u0430\\u0436\\u0435\\u043d\\u0438\\u0435 \\u0442\\u043e\\u0432\\u0430\\u0440\\u0430\", \"object\": \"\\u0418\\u0437\\u043e\\u0431\\u0440\\u0430\\u0436\\u0435\\u043d\\u0438\\u0435 \\u0434\\u043b\\u044f \\u0442\\u043e\\u0432\\u0430\\u0440\\u0430 OBEY WORLD HOOD\"}}, {\"added\": {\"name\": \"\\u0418\\u0437\\u043e\\u0431\\u0440\\u0430\\u0436\\u0435\\u043d\\u0438\\u0435 \\u0442\\u043e\\u0432\\u0430\\u0440\\u0430\", \"object\": \"\\u0418\\u0437\\u043e\\u0431\\u0440\\u0430\\u0436\\u0435\\u043d\\u0438\\u0435 \\u0434\\u043b\\u044f \\u0442\\u043e\\u0432\\u0430\\u0440\\u0430 OBEY WORLD HOOD\"}}, {\"added\": {\"name\": \"\\u0418\\u0437\\u043e\\u0431\\u0440\\u0430\\u0436\\u0435\\u043d\\u0438\\u0435 \\u0442\\u043e\\u0432\\u0430\\u0440\\u0430\", \"object\": \"\\u0418\\u0437\\u043e\\u0431\\u0440\\u0430\\u0436\\u0435\\u043d\\u0438\\u0435 \\u0434\\u043b\\u044f \\u0442\\u043e\\u0432\\u0430\\u0440\\u0430 OBEY WORLD HOOD\"}}, {\"added\": {\"name\": \"\\u0418\\u0437\\u043e\\u0431\\u0440\\u0430\\u0436\\u0435\\u043d\\u0438\\u0435 \\u0442\\u043e\\u0432\\u0430\\u0440\\u0430\", \"object\": \"\\u0418\\u0437\\u043e\\u0431\\u0440\\u0430\\u0436\\u0435\\u043d\\u0438\\u0435 \\u0434\\u043b\\u044f \\u0442\\u043e\\u0432\\u0430\\u0440\\u0430 OBEY WORLD HOOD\"}}, {\"added\": {\"name\": \"\\u0420\\u0430\\u0437\\u043c\\u0435\\u0440 \\u0442\\u043e\\u0432\\u0430\\u0440\\u0430\", \"object\": \"ProductSize object (1)\"}}, {\"added\": {\"name\": \"\\u0420\\u0430\\u0437\\u043c\\u0435\\u0440 \\u0442\\u043e\\u0432\\u0430\\u0440\\u0430\", \"object\": \"ProductSize object (2)\"}}]"}}, {"model": "admin.logentry", "pk": 13, "fields": {"action_time": "2022-01-13T11:22:21.253Z", "user": 1, "content_type": 8, "object_id": "2", "object_repr": "Одежда - MN AUTHENTIC CHINO G SCARAB", "action_flag": 1, "change_message": "[{\"added\": {}}]"}}, {"model": "admin.logentry", "pk": 14, "fields": {"action_time": "2022-01-13T11:23:23.637Z", "user": 1, "content_type": 8, "object_id": "3", "object_repr": "Одежда - Sfgxcxcx", "action_flag": 1, "change_message": "[{\"added\": {}}]"}}, {"model": "admin.logentry", "pk": 15, "fields": {"action_time": "2022-01-13T11:25:16.250Z", "user": 1, "content_type": 8, "object_id": "4", "object_repr": "Одежда - васмсммс", "action_flag": 1, "change_message": "[{\"added\": {}}]"}}, {"model": "admin.logentry", "pk": 16, "fields": {"action_time": "2022-01-13T11:25:49.126Z", "user": 1, "content_type": 8, "object_id": "5", "object_repr": "Одежда - ывывыывч", "action_flag": 1, "change_message": "[{\"added\": {}}]"}}, {"model": "admin.logentry", "pk": 17, "fields": {"action_time": "2022-01-13T11:27:54.382Z", "user": 1, "content_type": 8, "object_id": "6", "object_repr": "Одежда - ывыввчс", "action_flag": 1, "change_message": "[{\"added\": {}}]"}}, {"model": "admin.logentry", "pk": 18, "fields": {"action_time": "2022-01-14T08:03:52.554Z", "user": 1, "content_type": 12, "object_id": "2", "object_repr": "dima@2.ru", "action_flag": 1, "change_message": "[{\"added\": {}}]"}}, {"model": "admin.logentry", "pk": 19, "fields": {"action_time": "2022-01-14T08:33:30.535Z", "user": 1, "content_type": 12, "object_id": "2", "object_repr": "dima@2.ru", "action_flag": 3, "change_message": ""}}, {"model": "admin.logentry", "pk": 20, "fields": {"action_time": "2022-01-14T08:33:50.962Z", "user": 1, "content_type": 12, "object_id": "3", "object_repr": "admin@2.ru", "action_flag": 1, "change_message": "[{\"added\": {}}]"}}, {"model": "admin.logentry", "pk": 21, "fields": {"action_time": "2022-01-16T16:03:19.778Z", "user": 9, "content_type": 12, "object_id": "10", "object_repr": "namedima5@gmail.com", "action_flag": 2, "change_message": "[{\"changed\": {\"fields\": [\"Active\"]}}]"}}, {"model": "admin.logentry", "pk": 22, "fields": {"action_time": "2022-01-16T20:39:53.197Z", "user": 9, "content_type": 9, "object_id": "1", "object_repr": "Одежда - Вверх", "action_flag": 2, "change_message": "[{\"changed\": {\"fields\": [\"\\u041f\\u043e\\u0434\\u043a\\u0430\\u0442\\u0435\\u0433\\u043e\\u0440\\u0438\\u044f\", \"\\u0421\\u043b\\u0430\\u0433 \\u043f\\u043e\\u0434\\u043a\\u0430\\u0442\\u0435\\u0433\\u043e\\u0440\\u0438\\u0438\"]}}]"}}, {"model": "admin.logentry", "pk": 23, "fields": {"action_time": "2022-01-16T20:40:09.098Z", "user": 9, "content_type": 9, "object_id": "2", "object_repr": "Одежда - Аксесуары", "action_flag": 1, "change_message": "[{\"added\": {}}]"}}, {"model": "admin.logentry", "pk": 24, "fields": {"action_time": "2022-01-16T20:40:20.354Z", "user": 9, "content_type": 9, "object_id": "3", "object_repr": "Одежда - Низ", "action_flag": 1, "change_message": "[{\"added\": {}}]"}}, {"model": "admin.logentry", "pk": 25, "fields": {"action_time": "2022-01-16T20:41:03.843Z", "user": 9, "content_type": 14, "object_id": "1", "object_repr": "Низ - Футболки", "action_flag": 1, "change_message": "[{\"added\": {}}]"}}, {"model": "admin.logentry", "pk": 26, "fields": {"action_time": "2022-01-16T20:41:21.834Z", "user": 9, "content_type": 14, "object_id": "2", "object_repr": "Вверх - Верхняя одежда", "action_flag": 1, "change_message": "[{\"added\": {}}]"}}, {"model": "admin.logentry", "pk": 27, "fields": {"action_time": "2022-01-16T20:41:35.682Z", "user": 9, "content_type": 14, "object_id": "1", "object_repr": "Вверх - Футболки", "action_flag": 2, "change_message": "[{\"changed\": {\"fields\": [\"\\u041f\\u043e\\u0434\\u043a\\u0430\\u0442\\u0435\\u0433\\u043e\\u0440\\u0438\\u044f\"]}}]"}}, {"model": "admin.logentry", "pk": 28, "fields": {"action_time": "2022-01-16T20:42:52.793Z", "user": 9, "content_type": 14, "object_id": "3", "object_repr": "Низ - Брюки", "action_flag": 1, "change_message": "[{\"added\": {}}]"}}, {"model": "admin.logentry", "pk": 29, "fields": {"action_time": "2022-01-16T20:43:03.686Z", "user": 9, "content_type": 14, "object_id": "4", "object_repr": "Низ - Шорты", "action_flag": 1, "change_message": "[{\"added\": {}}]"}}, {"model": "admin.logentry", "pk": 30, "fields": {"action_time": "2022-01-16T20:43:38.834Z", "user": 9, "content_type": 14, "object_id": "5", "object_repr": "Аксесуары - Кепки", "action_flag": 1, "change_message": "[{\"added\": {}}]"}}, {"model": "admin.logentry", "pk": 31, "fields": {"action_time": "2022-01-16T20:43:44.672Z", "user": 9, "content_type": 14, "object_id": "6", "object_repr": "Аксесуары - Шапки", "action_flag": 1, "change_message": "[{\"added\": {}}]"}}, {"model": "admin.logentry", "pk": 32, "fields": {"action_time": "2022-01-16T20:44:27.401Z", "user": 9, "content_type": 8, "object_id": "5", "object_repr": "Одежда - ывывыывч", "action_flag": 2, "change_message": "[{\"changed\": {\"fields\": [\"\\u0422\\u0438\\u043f \\u043f\\u043e\\u0434\\u043a\\u0430\\u0442\\u0435\\u0433\\u043e\\u0440\\u0438\\u0438\"]}}]"}}, {"model": "admin.logentry", "pk": 33, "fields": {"action_time": "2022-01-16T20:45:01.084Z", "user": 9, "content_type": 8, "object_id": "1", "object_repr": "Одежда - OBEY WORLD HOOD", "action_flag": 2, "change_message": "[{\"changed\": {\"fields\": [\"\\u0422\\u0438\\u043f \\u043f\\u043e\\u0434\\u043a\\u0430\\u0442\\u0435\\u0433\\u043e\\u0440\\u0438\\u0438\"]}}]"}}, {"model": "admin.logentry", "pk": 34, "fields": {"action_time": "2022-01-16T20:45:39.043Z", "user": 9, "content_type": 8, "object_id": "6", "object_repr": "Одежда - ывыввчс", "action_flag": 2, "change_message": "[{\"changed\": {\"fields\": [\"\\u041f\\u043e\\u0434\\u043a\\u0430\\u0442\\u0435\\u0433\\u043e\\u0440\\u0438\\u044f\", \"\\u0422\\u0438\\u043f \\u043f\\u043e\\u0434\\u043a\\u0430\\u0442\\u0435\\u0433\\u043e\\u0440\\u0438\\u0438\"]}}]"}}, {"model": "admin.logentry", "pk": 35, "fields": {"action_time": "2022-01-16T20:45:51.236Z", "user": 9, "content_type": 8, "object_id": "4", "object_repr": "Одежда - васмсммс", "action_flag": 2, "change_message": "[{\"changed\": {\"fields\": [\"\\u041f\\u043e\\u0434\\u043a\\u0430\\u0442\\u0435\\u0433\\u043e\\u0440\\u0438\\u044f\", \"\\u0422\\u0438\\u043f \\u043f\\u043e\\u0434\\u043a\\u0430\\u0442\\u0435\\u0433\\u043e\\u0440\\u0438\\u0438\"]}}]"}}, {"model": "admin.logentry", "pk": 36, "fields": {"action_time": "2022-01-16T20:46:24.333Z", "user": 9, "content_type": 8, "object_id": "3", "object_repr": "Одежда - Sfgxcxcx", "action_flag": 2, "change_message": "[{\"changed\": {\"fields\": [\"\\u041f\\u043e\\u0434\\u043a\\u0430\\u0442\\u0435\\u0433\\u043e\\u0440\\u0438\\u044f\", \"\\u0422\\u0438\\u043f \\u043f\\u043e\\u0434\\u043a\\u0430\\u0442\\u0435\\u0433\\u043e\\u0440\\u0438\\u0438\"]}}]"}}, {"model": "admin.logentry", "pk": 37, "fields": {"action_time": "2022-01-16T20:47:24.463Z", "user": 9, "content_type": 8, "object_id": "2", "object_repr": "Одежда - MN AUTHENTIC CHINO G SCARAB", "action_flag": 2, "change_message": "[{\"changed\": {\"fields\": [\"\\u041f\\u043e\\u0434\\u043a\\u0430\\u0442\\u0435\\u0433\\u043e\\u0440\\u0438\\u044f\", \"\\u0422\\u0438\\u043f \\u043f\\u043e\\u0434\\u043a\\u0430\\u0442\\u0435\\u0433\\u043e\\u0440\\u0438\\u0438\"]}}]"}}, {"model": "admin.logentry", "pk": 38, "fields": {"action_time": "2022-01-17T20:55:23.894Z", "user": 9, "content_type": 9, "object_id": "4", "object_repr": "Скейт - Доски", "action_flag": 1, "change_message": "[{\"added\": {}}]"}}, {"model": "admin.logentry", "pk": 39, "fields": {"action_time": "2022-01-17T20:55:41.390Z", "user": 9, "content_type": 9, "object_id": "5", "object_repr": "Скейт - Железо", "action_flag": 1, "change_message": "[{\"added\": {}}]"}}, {"model": "admin.logentry", "pk": 40, "fields": {"action_time": "2022-01-17T20:56:11.167Z", "user": 9, "content_type": 9, "object_id": "6", "object_repr": "Скейт - Комплектующие", "action_flag": 1, "change_message": "[{\"added\": {}}]"}}, {"model": "admin.logentry", "pk": 41, "fields": {"action_time": "2022-01-17T20:56:43.343Z", "user": 9, "content_type": 14, "object_id": "7", "object_repr": "Доски - Деки", "action_flag": 1, "change_message": "[{\"added\": {}}]"}}, {"model": "admin.logentry", "pk": 42, "fields": {"action_time": "2022-01-17T20:56:56.459Z", "user": 9, "content_type": 14, "object_id": "8", "object_repr": "Доски - Скейтборды в сборе", "action_flag": 1, "change_message": "[{\"added\": {}}]"}}, {"model": "admin.logentry", "pk": 43, "fields": {"action_time": "2022-01-17T20:57:09.982Z", "user": 9, "content_type": 14, "object_id": "9", "object_repr": "Железо - Подвески", "action_flag": 1, "change_message": "[{\"added\": {}}]"}}, {"model": "admin.logentry", "pk": 44, "fields": {"action_time": "2022-01-17T20:57:17.702Z", "user": 9, "content_type": 14, "object_id": "10", "object_repr": "Комплектующие - Колеса", "action_flag": 1, "change_message": "[{\"added\": {}}]"}}, {"model": "admin.logentry", "pk": 45, "fields": {"action_time": "2022-01-17T20:57:28.316Z", "user": 9, "content_type": 14, "object_id": "11", "object_repr": "Комплектующие - Бушинги", "action_flag": 1, "change_message": "[{\"added\": {}}]"}}, {"model": "admin.logentry", "pk": 46, "fields": {"action_time": "2022-01-17T20:57:43.726Z", "user": 9, "content_type": 14, "object_id": "12", "object_repr": "Комплектующие - Шурупы", "action_flag": 1, "change_message": "[{\"added\": {}}]"}}, {"model": "admin.logentry", "pk": 47, "fields": {"action_time": "2022-01-18T08:34:19.231Z", "user": 9, "content_type": 12, "object_id": "9", "object_repr": "namedima4@gmail.com", "action_flag": 2, "change_message": "[{\"changed\": {\"fields\": [\"\\u0418\\u043d\\u0434\\u0435\\u043a\\u0441\", \"\\u0413\\u043e\\u0440\\u043e\\u0434\", \"\\u0410\\u0434\\u0440\\u0435\\u0441\", \"\\u0421\\u0442\\u0430\\u043d\\u0430\", \"First name\", \"Last name\"]}}]"}}, {"model": "admin.logentry", "pk": 48, "fields": {"action_time": "2022-01-18T08:55:23.456Z", "user": 9, "content_type": 12, "object_id": "9", "object_repr": "namedima4@gmail.com", "action_flag": 2, "change_message": "[{\"changed\": {\"fields\": [\"\\u0422\\u0435\\u043b\\u0435\\u0444\\u043e\\u043d\", \"\\u0414\\u0430\\u0442\\u0430 \\u0440\\u043e\\u0436\\u0434\\u0435\\u043d\\u0438\\u044f\"]}}]"}}, {"model": "admin.logentry", "pk": 49, "fields": {"action_time": "2022-01-22T12:35:21.765Z", "user": 9, "content_type": 8, "object_id": "2", "object_repr": "Одежда - MN AUTHENTIC CHINO G SCARAB", "action_flag": 2, "change_message": "[{\"added\": {\"name\": \"\\u0420\\u0430\\u0437\\u043c\\u0435\\u0440 \\u0442\\u043e\\u0432\\u0430\\u0440\\u0430\", \"object\": \"ProductSize object (3)\"}}, {\"added\": {\"name\": \"\\u0420\\u0430\\u0437\\u043c\\u0435\\u0440 \\u0442\\u043e\\u0432\\u0430\\u0440\\u0430\", \"object\": \"ProductSize object (4)\"}}]"}}, {"model": "admin.logentry", "pk": 50, "fields": {"action_time": "2022-01-24T07:54:58.447Z", "user": 9, "content_type": 8, "object_id": "2", "object_repr": "Одежда - MN AUTHENTIC CHINO G SCARAB", "action_flag": 2, "change_message": "[{\"changed\": {\"name\": \"\\u0420\\u0430\\u0437\\u043c\\u0435\\u0440 \\u0442\\u043e\\u0432\\u0430\\u0440\\u0430\", \"object\": \"ProductSize object (4)\", \"fields\": [\"\\u041a\\u043e\\u043b\\u0438\\u0447\\u0435\\u0441\\u0442\\u0432\\u043e\"]}}]"}}, {"model": "admin.logentry", "pk": 51, "fields": {"action_time": "2022-01-25T14:55:17.801Z", "user": 9, "content_type": 8, "object_id": "3", "object_repr": "Одежда - Sfgxcxcx", "action_flag": 2, "change_message": "[{\"added\": {\"name\": \"\\u0420\\u0430\\u0437\\u043c\\u0435\\u0440 \\u0442\\u043e\\u0432\\u0430\\u0440\\u0430\", \"object\": \"ProductSize object (5)\"}}]"}}, {"model": "admin.logentry", "pk": 52, "fields": {"action_time": "2022-02-01T16:06:47.921Z", "user": 9, "content_type": 8, "object_id": "1", "object_repr": "Одежда - OBEY WORLD HOOD", "action_flag": 2, "change_message": "[{\"changed\": {\"name\": \"\\u0420\\u0430\\u0437\\u043c\\u0435\\u0440 \\u0442\\u043e\\u0432\\u0430\\u0440\\u0430\", \"object\": \"ProductSize object (1)\", \"fields\": [\"\\u041a\\u043e\\u043b\\u0438\\u0447\\u0435\\u0441\\u0442\\u0432\\u043e\"]}}]"}}, {"model": "admin.logentry", "pk": 53, "fields": {"action_time": "2022-02-03T10:47:56.339Z", "user": 9, "content_type": 8, "object_id": "1", "object_repr": "Одежда - OBEY WORLD HOOD", "action_flag": 2, "change_message": "[{\"changed\": {\"name\": \"\\u0420\\u0430\\u0437\\u043c\\u0435\\u0440 \\u0442\\u043e\\u0432\\u0430\\u0440\\u0430\", \"object\": \"ProductSize object (1)\", \"fields\": [\"\\u041a\\u043e\\u043b\\u0438\\u0447\\u0435\\u0441\\u0442\\u0432\\u043e\"]}}]"}}, {"model": "admin.logentry", "pk": 54, "fields": {"action_time": "2022-02-03T13:23:44.932Z", "user": 9, "content_type": 8, "object_id": "1", "object_repr": "Одежда - OBEY WORLD HOOD", "action_flag": 2, "change_message": "[{\"changed\": {\"name\": \"\\u0420\\u0430\\u0437\\u043c\\u0435\\u0440 \\u0442\\u043e\\u0432\\u0430\\u0440\\u0430\", \"object\": \"ProductSize object (2)\", \"fields\": [\"\\u041a\\u043e\\u043b\\u0438\\u0447\\u0435\\u0441\\u0442\\u0432\\u043e\"]}}]"}}, {"model": "admin.logentry", "pk": 55, "fields": {"action_time": "2022-02-03T13:24:39.917Z", "user": 9, "content_type": 8, "object_id": "3", "object_repr": "Одежда - Sfgxcxcx", "action_flag": 2, "change_message": "[{\"added\": {\"name\": \"\\u0420\\u0430\\u0437\\u043c\\u0435\\u0440 \\u0442\\u043e\\u0432\\u0430\\u0440\\u0430\", \"object\": \"ProductSize object (6)\"}}, {\"changed\": {\"name\": \"\\u0420\\u0430\\u0437\\u043c\\u0435\\u0440 \\u0442\\u043e\\u0432\\u0430\\u0440\\u0430\", \"object\": \"ProductSize object (5)\", \"fields\": [\"\\u041a\\u043e\\u043b\\u0438\\u0447\\u0435\\u0441\\u0442\\u0432\\u043e\"]}}]"}}, {"model": "auth.permission", "pk": 1, "fields": {"name": "Can add log entry", "content_type": 1, "codename": "add_logentry"}}, {"model": "auth.permission", "pk": 2, "fields": {"name": "Can change log entry", "content_type": 1, "codename": "change_logentry"}}, {"model": "auth.permission", "pk": 3, "fields": {"name": "Can delete log entry", "content_type": 1, "codename": "delete_logentry"}}, {"model": "auth.permission", "pk": 4, "fields": {"name": "Can view log entry", "content_type": 1, "codename": "view_logentry"}}, {"model": "auth.permission", "pk": 5, "fields": {"name": "Can add permission", "content_type": 2, "codename": "add_permission"}}, {"model": "auth.permission", "pk": 6, "fields": {"name": "Can change permission", "content_type": 2, "codename": "change_permission"}}, {"model": "auth.permission", "pk": 7, "fields": {"name": "Can delete permission", "content_type": 2, "codename": "delete_permission"}}, {"model": "auth.permission", "pk": 8, "fields": {"name": "Can view permission", "content_type": 2, "codename": "view_permission"}}, {"model": "auth.permission", "pk": 9, "fields": {"name": "Can add group", "content_type": 3, "codename": "add_group"}}, {"model": "auth.permission", "pk": 10, "fields": {"name": "Can change group", "content_type": 3, "codename": "change_group"}}, {"model": "auth.permission", "pk": 11, "fields": {"name": "Can delete group", "content_type": 3, "codename": "delete_group"}}, {"model": "auth.permission", "pk": 12, "fields": {"name": "Can view group", "content_type": 3, "codename": "view_group"}}, {"model": "auth.permission", "pk": 13, "fields": {"name": "Can add content type", "content_type": 4, "codename": "add_contenttype"}}, {"model": "auth.permission", "pk": 14, "fields": {"name": "Can change content type", "content_type": 4, "codename": "change_contenttype"}}, {"model": "auth.permission", "pk": 15, "fields": {"name": "Can delete content type", "content_type": 4, "codename": "delete_contenttype"}}, {"model": "auth.permission", "pk": 16, "fields": {"name": "Can view content type", "content_type": 4, "codename": "view_contenttype"}}, {"model": "auth.permission", "pk": 17, "fields": {"name": "Can add session", "content_type": 5, "codename": "add_session"}}, {"model": "auth.permission", "pk": 18, "fields": {"name": "Can change session", "content_type": 5, "codename": "change_session"}}, {"model": "auth.permission", "pk": 19, "fields": {"name": "Can delete session", "content_type": 5, "codename": "delete_session"}}, {"model": "auth.permission", "pk": 20, "fields": {"name": "Can view session", "content_type": 5, "codename": "view_session"}}, {"model": "auth.permission", "pk": 21, "fields": {"name": "Can add Бренд", "content_type": 6, "codename": "add_brand"}}, {"model": "auth.permission", "pk": 22, "fields": {"name": "Can change Бренд", "content_type": 6, "codename": "change_brand"}}, {"model": "auth.permission", "pk": 23, "fields": {"name": "Can delete Бренд", "content_type": 6, "codename": "delete_brand"}}, {"model": "auth.permission", "pk": 24, "fields": {"name": "Can view Бренд", "content_type": 6, "codename": "view_brand"}}, {"model": "auth.permission", "pk": 25, "fields": {"name": "Can add Категория", "content_type": 7, "codename": "add_category"}}, {"model": "auth.permission", "pk": 26, "fields": {"name": "Can change Категория", "content_type": 7, "codename": "change_category"}}, {"model": "auth.permission", "pk": 27, "fields": {"name": "Can delete Категория", "content_type": 7, "codename": "delete_category"}}, {"model": "auth.permission", "pk": 28, "fields": {"name": "Can view Категория", "content_type": 7, "codename": "view_category"}}, {"model": "auth.permission", "pk": 29, "fields": {"name": "Can add Товар", "content_type": 8, "codename": "add_product"}}, {"model": "auth.permission", "pk": 30, "fields": {"name": "Can change Товар", "content_type": 8, "codename": "change_product"}}, {"model": "auth.permission", "pk": 31, "fields": {"name": "Can delete Товар", "content_type": 8, "codename": "delete_product"}}, {"model": "auth.permission", "pk": 32, "fields": {"name": "Can view Товар", "content_type": 8, "codename": "view_product"}}, {"model": "auth.permission", "pk": 33, "fields": {"name": "Can add Подкатегория", "content_type": 9, "codename": "add_subcategory"}}, {"model": "auth.permission", "pk": 34, "fields": {"name": "Can change Подкатегория", "content_type": 9, "codename": "change_subcategory"}}, {"model": "auth.permission", "pk": 35, "fields": {"name": "Can delete Подкатегория", "content_type": 9, "codename": "delete_subcategory"}}, {"model": "auth.permission", "pk": 36, "fields": {"name": "Can view Подкатегория", "content_type": 9, "codename": "view_subcategory"}}, {"model": "auth.permission", "pk": 37, "fields": {"name": "Can add Размер товара", "content_type": 10, "codename": "add_productsize"}}, {"model": "auth.permission", "pk": 38, "fields": {"name": "Can change Размер товара", "content_type": 10, "codename": "change_productsize"}}, {"model": "auth.permission", "pk": 39, "fields": {"name": "Can delete Размер товара", "content_type": 10, "codename": "delete_productsize"}}, {"model": "auth.permission", "pk": 40, "fields": {"name": "Can view Размер товара", "content_type": 10, "codename": "view_productsize"}}, {"model": "auth.permission", "pk": 41, "fields": {"name": "Can add Изображение товара", "content_type": 11, "codename": "add_imgproduct"}}, {"model": "auth.permission", "pk": 42, "fields": {"name": "Can change Изображение товара", "content_type": 11, "codename": "change_imgproduct"}}, {"model": "auth.permission", "pk": 43, "fields": {"name": "Can delete Изображение товара", "content_type": 11, "codename": "delete_imgproduct"}}, {"model": "auth.permission", "pk": 44, "fields": {"name": "Can view Изображение товара", "content_type": 11, "codename": "view_imgproduct"}}, {"model": "auth.permission", "pk": 45, "fields": {"name": "Can add user", "content_type": 12, "codename": "add_customuser"}}, {"model": "auth.permission", "pk": 46, "fields": {"name": "Can change user", "content_type": 12, "codename": "change_customuser"}}, {"model": "auth.permission", "pk": 47, "fields": {"name": "Can delete user", "content_type": 12, "codename": "delete_customuser"}}, {"model": "auth.permission", "pk": 48, "fields": {"name": "Can view user", "content_type": 12, "codename": "view_customuser"}}, {"model": "auth.permission", "pk": 49, "fields": {"name": "Can add kv store", "content_type": 13, "codename": "add_kvstore"}}, {"model": "auth.permission", "pk": 50, "fields": {"name": "Can change kv store", "content_type": 13, "codename": "change_kvstore"}}, {"model": "auth.permission", "pk": 51, "fields": {"name": "Can delete kv store", "content_type": 13, "codename": "delete_kvstore"}}, {"model": "auth.permission", "pk": 52, "fields": {"name": "Can view kv store", "content_type": 13, "codename": "view_kvstore"}}, {"model": "auth.permission", "pk": 53, "fields": {"name": "Can add Тип подкатегории", "content_type": 14, "codename": "add_subcategorytype"}}, {"model": "auth.permission", "pk": 54, "fields": {"name": "Can change Тип подкатегории", "content_type": 14, "codename": "change_subcategorytype"}}, {"model": "auth.permission", "pk": 55, "fields": {"name": "Can delete Тип подкатегории", "content_type": 14, "codename": "delete_subcategorytype"}}, {"model": "auth.permission", "pk": 56, "fields": {"name": "Can view Тип подкатегории", "content_type": 14, "codename": "view_subcategorytype"}}, {"model": "auth.permission", "pk": 57, "fields": {"name": "Can add Позиция", "content_type": 15, "codename": "add_orderitem"}}, {"model": "auth.permission", "pk": 58, "fields": {"name": "Can change Позиция", "content_type": 15, "codename": "change_orderitem"}}, {"model": "auth.permission", "pk": 59, "fields": {"name": "Can delete Позиция", "content_type": 15, "codename": "delete_orderitem"}}, {"model": "auth.permission", "pk": 60, "fields": {"name": "Can view Позиция", "content_type": 15, "codename": "view_orderitem"}}, {"model": "auth.permission", "pk": 61, "fields": {"name": "Can add Заказ", "content_type": 16, "codename": "add_order"}}, {"model": "auth.permission", "pk": 62, "fields": {"name": "Can change Заказ", "content_type": 16, "codename": "change_order"}}, {"model": "auth.permission", "pk": 63, "fields": {"name": "Can delete Заказ", "content_type": 16, "codename": "delete_order"}}, {"model": "auth.permission", "pk": 64, "fields": {"name": "Can view Заказ", "content_type": 16, "codename": "view_order"}}, {"model": "auth.permission", "pk": 65, "fields": {"name": "Can add web p image", "content_type": 17, "codename": "add_webpimage"}}, {"model": "auth.permission", "pk": 66, "fields": {"name": "Can change web p image", "content_type": 17, "codename": "change_webpimage"}}, {"model": "auth.permission", "pk": 67, "fields": {"name": "Can delete web p image", "content_type": 17, "codename": "delete_webpimage"}}, {"model": "auth.permission", "pk": 68, "fields": {"name": "Can view web p image", "content_type": 17, "codename": "view_webpimage"}}, {"model": "auth.permission", "pk": 69, "fields": {"name": "Can add Избранное", "content_type": 18, "codename": "add_favorites"}}, {"model": "auth.permission", "pk": 70, "fields": {"name": "Can change Избранное", "content_type": 18, "codename": "change_favorites"}}, {"model": "auth.permission", "pk": 71, "fields": {"name": "Can delete Избранное", "content_type": 18, "codename": "delete_favorites"}}, {"model": "auth.permission", "pk": 72, "fields": {"name": "Can view Избранное", "content_type": 18, "codename": "view_favorites"}}, {"model": "contenttypes.contenttype", "pk": 1, "fields": {"app_label": "admin", "model": "logentry"}}, {"model": "contenttypes.contenttype", "pk": 2, "fields": {"app_label": "auth", "model": "permission"}}, {"model": "contenttypes.contenttype", "pk": 3, "fields": {"app_label": "auth", "model": "group"}}, {"model": "contenttypes.contenttype", "pk": 4, "fields": {"app_label": "contenttypes", "model": "contenttype"}}, {"model": "contenttypes.contenttype", "pk": 5, "fields": {"app_label": "sessions", "model": "session"}}, {"model": "contenttypes.contenttype", "pk": 6, "fields": {"app_label": "shop", "model": "brand"}}, {"model": "contenttypes.contenttype", "pk": 7, "fields": {"app_label": "shop", "model": "category"}}, {"model": "contenttypes.contenttype", "pk": 8, "fields": {"app_label": "shop", "model": "product"}}, {"model": "contenttypes.contenttype", "pk": 9, "fields": {"app_label": "shop", "model": "subcategory"}}, {"model": "contenttypes.contenttype", "pk": 10, "fields": {"app_label": "shop", "model": "productsize"}}, {"model": "contenttypes.contenttype", "pk": 11, "fields": {"app_label": "shop", "model": "imgproduct"}}, {"model": "contenttypes.contenttype", "pk": 12, "fields": {"app_label": "account", "model": "customuser"}}, {"model": "contenttypes.contenttype", "pk": 13, "fields": {"app_label": "thumbnail", "model": "kvstore"}}, {"model": "contenttypes.contenttype", "pk": 14, "fields": {"app_label": "shop", "model": "subcategorytype"}}, {"model": "contenttypes.contenttype", "pk": 15, "fields": {"app_label": "orders", "model": "orderitem"}}, {"model": "contenttypes.contenttype", "pk": 16, "fields": {"app_label": "orders", "model": "order"}}, {"model": "contenttypes.contenttype", "pk": 17, "fields": {"app_label": "webp_converter", "model": "webpimage"}}, {"model": "contenttypes.contenttype", "pk": 18, "fields": {"app_label": "shop", "model": "favorites"}}, {"model": "sessions.session", "pk": "00feswfde8qqek3e7tbm3tp2waugn65d", "fields": {"session_data": "eyJjYXJ0Ijp7fX0:1nFMWW:C_9TXpQVzwkBnSaYVLVevA8RXoKSfMao0JpPixRtNmI", "expire_date": "2022-02-16T20:46:40.687Z"}}, {"model": "sessions.session", "pk": "157potyuh6yisnbc3zcg1ozocs7zi0vj", "fields": {"session_data": "eyJjYXJ0Ijp7fX0:1nD25C:1kSQ72lx_y62cP9a6oIsPtX8APl247y165GzqrfCDHQ", "expire_date": "2022-02-10T10:32:50.994Z"}}, {"model": "sessions.session", "pk": "1vewk28ngc0h0hzjlowb7g2alq147e9l", "fields": {"session_data": "e30:1n8MhJ:RfciDIfPQqzIKKKal6rq7NotNqEOrrHtve84RBwwPtc", "expire_date": "2022-01-28T13:32:53.820Z"}}, {"model": "sessions.session", "pk": "2dc7npv7fsjozllavp1r1ewaubfpwxtk", "fields": {"session_data": "eyJjYXJ0Ijp7fX0:1nD25g:2OP1peD6FZ1Gj121vvvd3dS9BlKYfgJ5IraSy7fh-Go", "expire_date": "2022-02-10T10:33:20.895Z"}}, {"model": "sessions.session", "pk": "2i3o1v7rec7zgzxwcf86o8rk31a58fki", "fields": {"session_data": "eyJjYXJ0Ijp7fX0:1nD26O:lCPSDRrwiKKnnpurvNqOj27QzO9VrAFDVCuAoedPBnQ", "expire_date": "2022-02-10T10:34:04.440Z"}}, {"model": "sessions.session", "pk": "365m9ioxwr14359hkvbeebi4m0b545xr", "fields": {"session_data": "eyJjYXJ0Ijp7fX0:1nFh6s:bO3ip2JGzCJ_nJ_8uyprzukib1Fd0A7e_Mp70PqgsX8", "expire_date": "2022-02-17T18:45:34.417Z"}}, {"model": "sessions.session", "pk": "38918qcigz183xni7c72brzaz3w8u9dg", "fields": {"session_data": "eyJjYXJ0Ijp7fX0:1nD25T:9TBNX2U_DJHXHRlitNtppjH8y88i_tSopFzfCpX7t88", "expire_date": "2022-02-10T10:33:07.415Z"}}, {"model": "sessions.session", "pk": "3byjt8b0wsib1c678w0xqlbf7xio52w8", "fields": {"session_data": "eyJjYXJ0Ijp7fX0:1nFK5S:BY4Pyk33IN2n4abHfv8PfHcjyQGhjUjuRkwTUIa7tWo", "expire_date": "2022-02-16T18:10:34.010Z"}}, {"model": "sessions.session", "pk": "5nldb42p2foyljdrp1woudtz8e2j34m2", "fields": {"session_data": "eyJjYXJ0Ijp7fX0:1nFMYn:GNeiQ1WZEAvgmIMoIdQ4HXfmOoRlZeblE4XFHDfnhg0", "expire_date": "2022-02-16T20:49:01.805Z"}}, {"model": "sessions.session", "pk": "699i1gwm0ondmdlo98kkrkzzeu25yzec", "fields": {"session_data": "eyJjYXJ0Ijp7fX0:1nC3i9:MEjORF2CMzLjIKqSU622t9_6Fmg2VdSUbLZgOD_W5fY", "expire_date": "2022-02-07T18:05:01.535Z"}}, {"model": "sessions.session", "pk": "7j7w4gnko8hf7u8t8w2l5x66ub00c47m", "fields": {"session_data": ".eJyrVkpOLCpRsqpWMgoGkYUllUpWhjpKBUWZyalKVkqGFpaWlnqW5ko6SsWZVSCRYKVaHSUjotXW1gIAZjQbYA:1nBuGC:TkDIp3oKmuh3Qyi5gN5RH3A96mtgbfGoD3jGQfrRMyM", "expire_date": "2022-02-07T07:59:32.148Z"}}, {"model": "sessions.session", "pk": "84v3peuo4tw7fva3nvhzah2qqpirdpaa", "fields": {"session_data": "eyJjYXJ0Ijp7fX0:1nChPq:Sr2qDbOBZTLpYY6cUqSn3DA5jadc_NHTc3791Qi3xcE", "expire_date": "2022-02-09T12:28:46.105Z"}}, {"model": "sessions.session", "pk": "8hsxvsjwgig4qwlm0sg7oai1sbm18x91", "fields": {"session_data": "eyJjYXJ0Ijp7fX0:1nCh18:a35Zubgcv2eNI_Lzs1MEAlPMxSZPBVt2IcEGTySU-mw", "expire_date": "2022-02-09T12:03:14.795Z"}}, {"model": "sessions.session", "pk": "997zsbdluzfupvx8imbf9v71y1kvjl3d", "fields": {"session_data": "eyJjYXJ0Ijp7IjEiOnsicXR5IjoxLCJwcmljZSI6IjExOTk5Ljk5Iiwic2l6ZSI6Im0ifX19:1nD22N:J1Z--UXCCxk9tG_K-zZvJMF5HotS22qrHNuDpTNXVO4", "expire_date": "2022-02-10T10:29:55.746Z"}}, {"model": "sessions.session", "pk": "bgn669ov0fnim9iq6lj7555ipb09qlya", "fields": {"session_data": ".eJxVjsGOgzAMRP_FZxTZSUgwx73zDSg4YWF3Cy3QQ1vx722kqu1e5jDzPOMbtOG8De15TUs7RqiBofj0uiC_acpB_AnT96xknrZl7FRG1DNdVTPH9Pf1ZP8VDGEd8nWyOnYkJvrYY-ypspI0lVQio3FomaMznkS8dcmLdI6drUR69pqr8lEqYdmgvgEdsp62C9RUwHEZJT0GiJhZcX5_Ha_ZOcBegGlesH7D2iCiQnzDDez7fgeleFJr:1nFhSI:BLeraaxcCES5lZBXX9JK6JS2J-pAC0OF0thLvEa2ce0", "expire_date": "2022-02-17T19:07:42.599Z"}}, {"model": "sessions.session", "pk": "biwwqnfevjxy9n6gt082ddwusp6xsyxj", "fields": {"session_data": "eyJjYXJ0Ijp7IjFzIjp7InF0eSI6MSwicHJpY2UiOiIxMTk5OS45OSIsInNpemUiOiJzIn19fQ:1nFh8R:JVNBzhwvgcZpkykOgoHS_dEMKSzbH11IRIX8Nd2aflw", "expire_date": "2022-02-17T18:47:11.002Z"}}, {"model": "sessions.session", "pk": "bqtnpr5a96k8bkz8gzne7wvgx1yug9zq", "fields": {"session_data": "eyJjYXJ0Ijp7fX0:1nD24C:Fi7EQGNnmAn_Evi1FAx-7OIL7lwfXthGSvzfre1yBfg", "expire_date": "2022-02-10T10:31:48.050Z"}}, {"model": "sessions.session", "pk": "bzg1sb1e3k21t51lmhnvpmxb3eutl0mr", "fields": {"session_data": "eyJjYXJ0Ijp7fX0:1nD25G:LM7FVjFn7ruTrC8Z8AXJ2idEhKmUtHjVSBGfmVj42dw", "expire_date": "2022-02-10T10:32:54.340Z"}}, {"model": "sessions.session", "pk": "ce2vuul48fjenyxy33ibwi02mdytlty2", "fields": {"session_data": "eyJjYXJ0Ijp7fX0:1nFMWw:zDqCic--m-lPYmSQ7nz-P4yk82uD2wrAtYmC6i6m2og", "expire_date": "2022-02-16T20:47:06.421Z"}}, {"model": "sessions.session", "pk": "da4uzpniqhmr0ffpvnpw06n0ba87a64q", "fields": {"session_data": "eyJjYXJ0Ijp7fX0:1nD26G:bjQZuUa89afJsA1riDxKRQuBNPQGmYjnvGVyzt3MbJc", "expire_date": "2022-02-10T10:33:56.388Z"}}, {"model": "sessions.session", "pk": "drq6ycaqvuuusstwxkx3zqpekps5ityr", "fields": {"session_data": "eyJjYXJ0Ijp7fX0:1nD5qJ:naSFMjNu7-O9wJNGwFn7cC5tvVIKhUD8wTSZl6w1owk", "expire_date": "2022-02-10T14:33:43.308Z"}}, {"model": "sessions.session", "pk": "frrc1ee635q90dt9vl89yi05g8sgpi3a", "fields": {"session_data": "eyJjYXJ0Ijp7IjEiOnsicXR5IjoxLCJwcmljZSI6IjExOTk5Ljk5Iiwic2l6ZSI6Im0ifX19:1nBuHR:vVKlDziMlFgYAEG-C1j5JIypzS2AVm4b69wSXvwx900", "expire_date": "2022-02-07T08:00:49.016Z"}}, {"model": "sessions.session", "pk": "ftkuatzovpxxn7llt8hkpblhr9af3rfc", "fields": {"session_data": "eyJjYXJ0Ijp7fX0:1nFhVP:NAU8ltHmSuhjkbUiVRGO78rRsQrTiRBFRboqcxRpvkc", "expire_date": "2022-02-17T19:10:55.050Z"}}, {"model": "sessions.session", "pk": "g6l3wh406j239w6pe3otvx5xpp5stump", "fields": {"session_data": "eyJjYXJ0Ijp7IjEiOnsicXR5IjoxLCJwcmljZSI6IjExOTk5Ljk5Iiwic2l6ZSI6Im0ifX19:1nC3h0:DOrTWzoWRHL5nfAEAtrhL0_94Ewoiy77wnz7YkEl_pY", "expire_date": "2022-02-07T18:03:50.178Z"}}, {"model": "sessions.session", "pk": "gnnp84lw38xrmmwcqeeuux5ge7n78s9u", "fields": {"session_data": "eyJjYXJ0Ijp7fX0:1nFMW5:qkhv7A7oZjedXxwQXOD61XHEfyQBJBmGLxV0lzQeR-A", "expire_date": "2022-02-16T20:46:13.568Z"}}, {"model": "sessions.session", "pk": "hcoiw4g5swc0ol4lz6dkseipgxawrp7i", "fields": {"session_data": "eyJjYXJ0Ijp7fX0:1nD26i:7NLAWtg8UTmpn1bLDOh4mNZ5JsE11va-i0AfQGi8-3s", "expire_date": "2022-02-10T10:34:24.037Z"}}, {"model": "sessions.session", "pk": "hru69ua16okkez153fm0k88driro532k", "fields": {"session_data": "eyJjYXJ0Ijp7fX0:1nFZsF:SL5RVOUq7EP2RTdr3hmtImsUMfw7aqlIkKTAv4VyRfU", "expire_date": "2022-02-17T11:01:59.803Z"}}, {"model": "sessions.session", "pk": "ibyc63z9v5d3kocyb5jvh144j2puk5ko", "fields": {"session_data": "eyJjYXJ0Ijp7fX0:1nFZET:6ZhmC3pbDIz98aElPXiwP2qmbBaAUJFIedqL3AoXAhg", "expire_date": "2022-02-17T10:20:53.161Z"}}, {"model": "sessions.session", "pk": "imlivxnai2vj46pe88675orljbjqgszi", "fields": {"session_data": ".eJyrVkpOLCpRsqpWMswFkYUllUpWhjpKBUWZyalKVkqGhpaWlnqWlko6SsWZVSCRXCAzMwUkpVSro2QUjFWXBViXOUJXMEyXkVJtbS0AiMEfug:1nBukM:2xcrQ2P5IEMgQV5OSLGhRi2bMpuQOfdiu7_TPAqWh_k", "expire_date": "2022-02-07T08:30:42.627Z"}}, {"model": "sessions.session", "pk": "is5x6ovu6m6kz2l1rkfhfsz80nucz3hq", "fields": {"session_data": "eyJjYXJ0Ijp7fX0:1nCSzk:IBdrd22jVEsJnPsP3CWNQ6zr305lAbBHPpt4bMy-cGk", "expire_date": "2022-02-08T21:04:52.868Z"}}, {"model": "sessions.session", "pk": "jsqieqrvfftp3imp12k11jqcza3s037u", "fields": {"session_data": "eyJjYXJ0Ijp7fX0:1nFh6m:b0Qrl1JB_Pvg3lhX2nPddxh1xcJ6N9WTzWjsQ9tet74", "expire_date": "2022-02-17T18:45:28.567Z"}}, {"model": "sessions.session", "pk": "k0la7sl3tufjru7ouli12xa7n0wl32kt", "fields": {"session_data": "eyJjYXJ0Ijp7fX0:1nD1zG:1Hst09-iwSAgdo8aRHpOJRR4jqGQ6yZk9HxBOmWSAa8", "expire_date": "2022-02-10T10:26:42.648Z"}}, {"model": "sessions.session", "pk": "kad5ejlzl2yyuubfepfeasfmo7ifox6q", "fields": {"session_data": "eyJfcGFzc3dvcmRfcmVzZXRfdG9rZW4iOiJhemN4ZWstZmE0YmUyZTE5Y2Q4YjllMWY2YjhjMzFjNDI0NWE4OGMifQ:1n97iA:JgwxCBWPqRXETdl9G7R1voDsuwJzJeB_INzS8Bj_DYA", "expire_date": "2022-01-30T15:44:54.924Z"}}, {"model": "sessions.session", "pk": "kexzkl5112gzvw2z0t3r48h259y3gaub", "fields": {"session_data": "eyJjYXJ0Ijp7fX0:1nFxr0:OuXlMJxUgVvntOvF54g8xokivi9t0kLb0MlMJ4OSsw4", "expire_date": "2022-02-18T12:38:18.680Z"}}, {"model": "sessions.session", "pk": "ki0bku8qdbkqase3snegveidinhv9rgb", "fields": {"session_data": "eyJjYXJ0Ijp7fX0:1nFMTv:Q1HfzKuZoYOX9PN8sd_XgxAQXY1f1evaana_WABTB2Q", "expire_date": "2022-02-16T20:43:59.058Z"}}, {"model": "sessions.session", "pk": "kljqjzvmyo4n8az1dbuarll2jdxpgdqa", "fields": {"session_data": ".eJxVjEEOwiAURO_C2hA-IFCX7j0D-fBBqgaS0q6Md5cmXWgyq3lv5s08bmvxW0-Ln4ldmGKn3y5gfKa6A3pgvTceW12XOfBd4Qft_NYova6H-3dQsJexBhLWOCmVnqwGMOCA0hQlRrIksjQijaCDkK1QVgcQWSdUpM4hDI99vrnON10:1n8I2a:sPDrg36cMxUlVosCNGThx_WcmJBQ9Pb_DTDKu92umNk", "expire_date": "2022-01-28T08:34:32.874Z"}}, {"model": "sessions.session", "pk": "m6n0niui6bodks9ezvsi2fuxvtabju4d", "fields": {"session_data": "eyJjYXJ0Ijp7fX0:1nFhVO:ejbfohvwPGpOFtvs_RkwZ6_yOOEuNf6gEmhDp4DMnRQ", "expire_date": "2022-02-17T19:10:54.206Z"}}, {"model": "sessions.session", "pk": "mav76c2brc6zchmm12ghobhs2uzvmx55", "fields": {"session_data": ".eJyrVkpOLCpRsqpWMiwGkYUllUpWRjpKBUWZyalKVkqGhpaWlnqWlko6SsWZVSCRYqVaHSVjX2yKjYwNDAz0DAwQin1Big1z4YoN8ZmcCzY5GJtiTJODlWprawFlMDN7:1nFdpl:sBAkVB_kY-WAI91LMYI8Q-17bveay6OL62Endx4rvqE", "expire_date": "2022-02-17T15:15:41.535Z"}}, {"model": "sessions.session", "pk": "n7tqlpyegry40zf7zn53mgrs534ovv68", "fields": {"session_data": "eyJjYXJ0Ijp7fX0:1nFIm5:s_5sLujRR7Ff-6iitITNp49Qt5Nb16mMp7WenxBT0CY", "expire_date": "2022-02-16T16:46:29.096Z"}}, {"model": "sessions.session", "pk": "ow1dktd9ga4krwys2uqyvselqfu1ydzc", "fields": {"session_data": "eyJjYXJ0Ijp7fX0:1nD1yp:PCfGDADM2kOn7dtEmFei1j72QSI9bJGnmXfQDbaM-DY", "expire_date": "2022-02-10T10:26:15.830Z"}}, {"model": "sessions.session", "pk": "pabdktz5sxirfhcx4f18q5nbms8fz0k9", "fields": {"session_data": "eyJjYXJ0Ijp7fX0:1nD26a:PkCrxfxfAJFuDbKtSJINfMlJ2DWCgjvCLx7t91VBEqc", "expire_date": "2022-02-10T10:34:16.499Z"}}, {"model": "sessions.session", "pk": "pb83tgssbkijfcvyk0nvf3juv6ow5pp9", "fields": {"session_data": "eyJjYXJ0Ijp7fX0:1nD24G:nNr-8mbnjBVxjfvGWWAh1mCG2UVJzQR-imJdMgsNIks", "expire_date": "2022-02-10T10:31:52.093Z"}}, {"model": "sessions.session", "pk": "q58x73s7daksehl8bip2j5dixm26vrbf", "fields": {"session_data": "eyJjYXJ0Ijp7fX0:1nFMVE:I9_XKZYButi2r96r-SHdrV853ES6-HSVaISlw2icAy0", "expire_date": "2022-02-16T20:45:20.432Z"}}, {"model": "sessions.session", "pk": "qvyj0lba3ymk5sdq41zfq78zx4434s9n", "fields": {"session_data": "eyJjYXJ0Ijp7fX0:1nFMXZ:7KDDfdxPs9F2rzHKP8E6cujRgrqKvOWuQVgAU2w99pA", "expire_date": "2022-02-16T20:47:45.285Z"}}, {"model": "sessions.session", "pk": "r1j1d7mwdlm1l8dggeb0atsgg5qpc6a7", "fields": {"session_data": "eyJjYXJ0Ijp7fX0:1nFh6n:PRIbcKeBI24pjozG46oCM8U4t1mmn3e1fB1BLilJRPw", "expire_date": "2022-02-17T18:45:29.405Z"}}, {"model": "sessions.session", "pk": "rimw1habdwdgg09p2dmbbuupkv0hj9g8", "fields": {"session_data": "eyJjYXJ0Ijp7fX0:1nD23u:kW0t8WIdtMoCv8X5kye3IC9zWeYw7HaoumX0OMsTFaY", "expire_date": "2022-02-10T10:31:30.871Z"}}, {"model": "sessions.session", "pk": "tmbrgl4r8acmyg8f70jc8rtvjvrmusd8", "fields": {"session_data": "e30:1n8N0p:SSoJLKf4acgJkZwWEcKqCLwcAABMwsV3sf6soAMXSXQ", "expire_date": "2022-01-28T13:53:03.206Z"}}, {"model": "sessions.session", "pk": "trlye75hqze2ai2f8iscd8h58xvt1ujq", "fields": {"session_data": "eyJjYXJ0Ijp7fX0:1nCTDM:wANRUzuPXJUxwRpOqeliWE6TVRJxJuzbYh2HWmxGHho", "expire_date": "2022-02-08T21:18:56.462Z"}}, {"model": "sessions.session", "pk": "txzbg8k2bxoskcrupn45sl7bvry72382", "fields": {"session_data": "eyJjYXJ0Ijp7IjFtIjp7InF0eSI6MSwicHJpY2UiOiIxMTk5OS45OSIsInNpemUiOiJtIiwiaWQiOiIxIn19fQ:1nBupv:iFG0_8bvg5qyXe3arJJZgQ9HB7QZEqjhucpzdkPOiR4", "expire_date": "2022-02-07T08:36:27.489Z"}}, {"model": "sessions.session", "pk": "u2x7nu70eaprnrxicqld35p4tm9z3qrp", "fields": {"session_data": "eyJjYXJ0Ijp7fX0:1nFMTu:SkCutzfjYLA8377Pxlbdzm3VerGqilN17wXQz9HruCg", "expire_date": "2022-02-16T20:43:58.131Z"}}, {"model": "sessions.session", "pk": "v4xhys7ijfqey1vanj9gn1ut5o09a2uy", "fields": {"session_data": "eyJjYXJ0Ijp7fX0:1nFZES:t2VSz7ZQkEyobn2uLco6fj4m0OXQlNbhrDX1j8nZbOo", "expire_date": "2022-02-17T10:20:52.918Z"}}, {"model": "sessions.session", "pk": "ve9duvs8by06qnhqjr7np7wkcbgw8wqv", "fields": {"session_data": "eyJjYXJ0Ijp7fX0:1nFh6z:9dhaKJjSnMkWi7K2ywSbuQB54vtY4LLrUxQ-PX9kuw8", "expire_date": "2022-02-17T18:45:41.215Z"}}, {"model": "sessions.session", "pk": "vmr1crlhx6zpsf1ft3l30dgm9pikduae", "fields": {"session_data": "eyJjYXJ0Ijp7fX0:1nD242:7CyI7WpqnzZzsOwnCG6ZhpDEFNS5vplJM9ubJ0nLjhI", "expire_date": "2022-02-10T10:31:38.549Z"}}, {"model": "sessions.session", "pk": "wwnfxi7dk2bhn5u0514y0viect0vy8jf", "fields": {"session_data": "eyJjYXJ0Ijp7fX0:1nCh1P:Hw3qpQACS9v17hYfkG-2Q2YJFbsIjuOQSddjkhmqwGs", "expire_date": "2022-02-09T12:03:31.564Z"}}, {"model": "sessions.session", "pk": "wxk2wpdp2dn2w992splx3svlegmonzbr", "fields": {"session_data": "eyJjYXJ0Ijp7IjEiOnsicXR5IjoxLCJwcmljZSI6IjExOTk5Ljk5Iiwic2l6ZSI6Im0ifX19:1nC50U:tHZsojHv0V47Gxm7JXcgXDeM5t0RGNZpCiZ5zuRs9DU", "expire_date": "2022-02-07T19:28:02.137Z"}}, {"model": "sessions.session", "pk": "ya3xq215ztjrw16vycojm7ddyvwdbigb", "fields": {"session_data": "eyJjYXJ0Ijp7fX0:1nFh6g:NbiIx97yGhHoShIckgMM3KqKjrpA9tWiKBK7NQrTrhs", "expire_date": "2022-02-17T18:45:22.648Z"}}, {"model": "sessions.session", "pk": "yhkpugtf3qsnpbnue1w7dmydef4ebaux", "fields": {"session_data": "e30:1n8NXK:w5iX75l7FXLfciuXiHkd3-W1yNU3e0MxETHwaCgH_2Y", "expire_date": "2022-01-28T14:26:38.593Z"}}, {"model": "shop.category", "pk": 1, "fields": {"name": "Одежда", "slug": "odezhda", "line_num": 1}}, {"model": "shop.category", "pk": 2, "fields": {"name": "Обувь", "slug": "obuv", "line_num": 2}}, {"model": "shop.category", "pk": 3, "fields": {"name": "Скейт", "slug": "skejt", "line_num": 3}}, {"model": "shop.subcategory", "pk": 1, "fields": {"name": "Вверх", "slug": "tops", "category": 1}}, {"model": "shop.subcategory", "pk": 2, "fields": {"name": "Аксесуары", "slug": "aksesuary", "category": 1}}, {"model": "shop.subcategory", "pk": 3, "fields": {"name": "Низ", "slug": "niz", "category": 1}}, {"model": "shop.subcategory", "pk": 4, "fields": {"name": "Доски", "slug": "doski", "category": 3}}, {"model": "shop.subcategory", "pk": 5, "fields": {"name": "Железо", "slug": "zhelezo", "category": 3}}, {"model": "shop.subcategory", "pk": 6, "fields": {"name": "Комплектующие", "slug": "komplektuyushie", "category": 3}}, {"model": "shop.subcategorytype", "pk": 1, "fields": {"name": "Футболки", "slug": "futbolki", "subcategory": 1}}, {"model": "shop.subcategorytype", "pk": 2, "fields": {"name": "Верхняя одежда", "slug": "verhnyaya-odezhda", "subcategory": 1}}, {"model": "shop.subcategorytype", "pk": 3, "fields": {"name": "Брюки", "slug": "bryuki", "subcategory": 3}}, {"model": "shop.subcategorytype", "pk": 4, "fields": {"name": "Шорты", "slug": "shorty", "subcategory": 3}}, {"model": "shop.subcategorytype", "pk": 5, "fields": {"name": "Кепки", "slug": "kepki", "subcategory": 2}}, {"model": "shop.subcategorytype", "pk": 6, "fields": {"name": "Шапки", "slug": "shapki", "subcategory": 2}}, {"model": "shop.subcategorytype", "pk": 7, "fields": {"name": "Деки", "slug": "deki", "subcategory": 4}}, {"model": "shop.subcategorytype", "pk": 8, "fields": {"name": "Скейтборды в сборе", "slug": "skejtbordy-v-sbore", "subcategory": 4}}, {"model": "shop.subcategorytype", "pk": 9, "fields": {"name": "Подвески", "slug": "podveski", "subcategory": 5}}, {"model": "shop.subcategorytype", "pk": 10, "fields": {"name": "Колеса", "slug": "kolesa", "subcategory": 6}}, {"model": "shop.subcategorytype", "pk": 11, "fields": {"name": "Бушинги", "slug": "bushingi", "subcategory": 6}}, {"model": "shop.subcategorytype", "pk": 12, "fields": {"name": "Шурупы", "slug": "shurupy", "subcategory": 6}}, {"model": "shop.brand", "pk": 1, "fields": {"name": "vans", "slug": "vans", "image": "brand/флип_L4KWepQ.png", "description": "Компания Vans с 1966 года выпускает простые парусиновые кеды на резиновой подошве. В 1970-х первые модели Vans облюбовали пионеры скейтбординга, и обувь Vans стала символом этого спорта. Компания ответила взаимностью и с 1976 года выпускает специализированную обувь для катания на доске. Многие из них сегодня превратились в классику повседневной обуви."}}, {"model": "shop.brand", "pk": 2, "fields": {"name": "Октябрь", "slug": "oktyabr", "image": "brand/флип_HEhMkD8.png", "description": "фывыава"}}, {"model": "shop.brand", "pk": 3, "fields": {"name": "Дикис", "slug": "dikis", "image": "brand/флип_of3VKzv.png", "description": "ывыы"}}, {"model": "shop.brand", "pk": 4, "fields": {"name": "Apea", "slug": "apea", "image": "brand/флип_qW0iqpw.png", "description": "asd"}}, {"model": "shop.brand", "pk": 5, "fields": {"name": "hockey", "slug": "hockey", "image": "brand/флип_V1fUHMO.png", "description": "xzxz"}}, {"model": "shop.product", "pk": 1, "fields": {"category": 1, "subcategory": 1, "subcategory_type": 1, "brand": 1, "name": "OBEY WORLD HOOD", "slug": "obey-world-hood", "image_sizes": "product_sizes_info/флип_sams0dd.png", "description": "Худи из смесовой ткани на основе хлопка и полиэстера. Слегка расслабленный силуэт, мягкая флисовая изнанка. Регулируемый капюшон, накладной карман с двумя боковыми входами на животе. Эластичные манжеты и нижний край. Контрастная вышивка на груди.", "specifications": "58% хлопок, 42% полиэстер\r\nСвободный крой\r\nРегулируемый капюшон\r\nКарман-кенгуру\r\nЭластичные манжеты и низ\r\nВышивка на груди\r\nСделано в Индии", "price": "11999.99", "available": true, "created": "2022-01-13T11:20:49.231Z", "updated": "2022-02-03T13:23:44.886Z", "article": "112470146", "type_of": "", "mark": "", "gender": "м", "compound": "", "image": "main_image/флип_gmUsXvN.png"}}, {"model": "shop.product", "pk": 3, "fields": {"category": 1, "subcategory": 2, "subcategory_type": 5, "brand": 1, "name": "Sfgxcxcx", "slug": "sfgxcxcx", "image_sizes": "", "description": "asdfdf", "specifications": "sdfdffgfgsd", "price": "23000.00", "available": true, "created": "2022-01-13T11:23:23.611Z", "updated": "2022-02-03T13:24:39.849Z", "article": "dffdf", "type_of": "", "mark": "", "gender": "м", "compound": "", "image": "main_image/флип_GBdJoIq.png"}}, {"model": "shop.product", "pk": 4, "fields": {"category": 1, "subcategory": 3, "subcategory_type": 3, "brand": 1, "name": "васмсммс", "slug": "vasmsmms", "image_sizes": "product_sizes_info/флип_rtbSVb7.png", "description": "смсммс", "specifications": "сммс", "price": "12345.00", "available": true, "created": "2022-01-13T11:25:16.226Z", "updated": "2022-01-16T20:45:51.214Z", "article": "фывс", "type_of": "", "mark": "", "gender": "м", "compound": "", "image": "main_image/флип_osak9qC.png"}}, {"model": "shop.product", "pk": 5, "fields": {"category": 1, "subcategory": 1, "subcategory_type": 2, "brand": 1, "name": "ывывыывч", "slug": "yvyvyyvch", "image_sizes": "", "description": "чсс", "specifications": "ячячм", "price": "666.00", "available": true, "created": "2022-01-13T11:25:49.103Z", "updated": "2022-01-16T20:44:27.378Z", "article": "миитс", "type_of": "", "mark": "", "gender": "м", "compound": "", "image": "main_image/флип_pmhcKnc.png"}}, {"model": "shop.product", "pk": 6, "fields": {"category": 1, "subcategory": 3, "subcategory_type": 4, "brand": 1, "name": "ывыввчс", "slug": "yvyvvchs", "image_sizes": "", "description": "ророо", "specifications": "пррппр", "price": "343.00", "available": true, "created": "2022-01-13T11:27:54.359Z", "updated": "2022-01-16T20:45:39.020Z", "article": "мчссм", "type_of": "", "mark": "", "gender": "м", "compound": "", "image": "main_image/флип_z7Iik83.png"}}, {"model": "shop.imgproduct", "pk": 1, "fields": {"img": "product/19a0d3f83d85dba22284b2471a704257_767x.progressive_t4hvtZu.webp", "product": 1}}, {"model": "shop.imgproduct", "pk": 2, "fields": {"img": "product/19a0d3f83d85dba22284b2471a704257_767x.progressive_lFmExmd.webp", "product": 1}}, {"model": "shop.imgproduct", "pk": 3, "fields": {"img": "product/19a0d3f83d85dba22284b2471a704257_767x.progressive_GxsxLTY.webp", "product": 1}}, {"model": "shop.imgproduct", "pk": 4, "fields": {"img": "product/19a0d3f83d85dba22284b2471a704257_767x.progressive_Q9hmYxP.webp", "product": 1}}, {"model": "shop.productsize", "pk": 1, "fields": {"name": "s", "qty": 1, "product": 1}}, {"model": "shop.productsize", "pk": 2, "fields": {"name": "m", "qty": 1, "product": 1}}, {"model": "shop.productsize", "pk": 5, "fields": {"name": "S", "qty": 1, "product": 3}}, {"model": "shop.productsize", "pk": 6, "fields": {"name": "M", "qty": 2, "product": 3}}, {"model": "shop.favorites", "pk": 39, "fields": {"users": 9, "favorites": 3, "create": "2022-02-02T20:51:47.969Z"}}, {"model": "shop.favorites", "pk": 40, "fields": {"users": 9, "favorites": 1, "create": "2022-02-03T15:49:56.102Z"}}, {"model": "orders.order", "pk": 1, "fields": {"first_name": "Василий", "last_name": "Наместников", "email": "namedima4@gmail.com", "address": "Посадская 4, 16", "zip_code": "197760", "ship_type": "Самовывоз", "created": "2022-01-27T11:50:15.100Z", "updated": "2022-01-27T11:50:15.135Z", "paid": false, "customer": 9, "pay_type": "Онлайн", "phone": "89967773481", "status": null}}, {"model": "orders.order", "pk": 2, "fields": {"first_name": "Василий", "last_name": "Наместников", "email": "namedima4@gmail.com", "address": "Посадская 4, 16", "zip_code": "197760", "ship_type": "Самовывоз", "created": "2022-01-27T12:01:26.301Z", "updated": "2022-01-27T12:01:26.326Z", "paid": false, "customer": 9, "pay_type": "Онлайн", "phone": "89967773481", "status": null}}, {"model": "orders.order", "pk": 3, "fields": {"first_name": "Василий", "last_name": "Наместников", "email": "namedima4@gmail.com", "address": "Посадская 4, 16", "zip_code": "197760", "ship_type": "Доставка", "created": "2022-01-27T15:38:19.134Z", "updated": "2022-01-27T15:38:19.161Z", "paid": false, "customer": 9, "pay_type": "Онлайн", "phone": "89967773481", "status": null}}, {"model": "orders.order", "pk": 4, "fields": {"first_name": "Василий", "last_name": "Наместников", "email": "namedima4@gmail.com", "address": "Посадская 4, 16", "zip_code": "197760", "ship_type": "Доставка", "created": "2022-02-01T16:06:01.568Z", "updated": "2022-02-01T16:06:01.608Z", "paid": false, "customer": 9, "pay_type": "Онлайн", "phone": "89967773481", "status": null}}, {"model": "orders.order", "pk": 5, "fields": {"first_name": "Василий", "last_name": "Наместников", "email": "namedima4@gmail.com", "address": "Посадская 4, 16", "zip_code": "197760", "ship_type": "Доставка", "created": "2022-02-01T16:06:27.024Z", "updated": "2022-02-01T16:06:27.052Z", "paid": false, "customer": 9, "pay_type": "Онлайн", "phone": "89967773481", "status": null}}, {"model": "orders.order", "pk": 6, "fields": {"first_name": "Василий", "last_name": "Наместников", "email": "namedima4@gmail.com", "address": "Посадская 4, 16", "zip_code": "197760", "ship_type": "Доставка", "created": "2022-02-01T16:06:37.278Z", "updated": "2022-02-01T16:06:37.304Z", "paid": false, "customer": 9, "pay_type": "Онлайн", "phone": "89967773481", "status": null}}, {"model": "orders.order", "pk": 7, "fields": {"first_name": "Василий", "last_name": "Наместников", "email": "namedima4@gmail.com", "address": "Посадская 4, 16", "zip_code": "197760", "ship_type": "Доставка", "created": "2022-02-01T16:07:00.942Z", "updated": "2022-02-01T16:07:00.966Z", "paid": false, "customer": 9, "pay_type": "Онлайн", "phone": "89967773481", "status": null}}, {"model": "orders.order", "pk": 8, "fields": {"first_name": "Василий", "last_name": "Наместников", "email": "namedima4@gmail.com", "address": "Посадская 4, 16", "zip_code": "197760", "ship_type": "Доставка", "created": "2022-02-02T11:26:32.843Z", "updated": "2022-02-02T11:26:32.881Z", "paid": false, "customer": 9, "pay_type": "Онлайн", "phone": "89967773481", "status": null}}, {"model": "orders.order", "pk": 9, "fields": {"first_name": "Василий", "last_name": "Наместников", "email": "namedima4@gmail.com", "address": "Посадская 4, 16", "zip_code": "197760", "ship_type": "Доставка", "created": "2022-02-03T15:48:09.620Z", "updated": "2022-02-03T15:48:09.647Z", "paid": false, "customer": 9, "pay_type": "При получении", "phone": "89967773481", "status": null}}, {"model": "orders.orderitem", "pk": 1, "fields": {"order": 1, "product": 1, "price": "11999.99", "qty": 2, "size": null}}, {"model": "orders.orderitem", "pk": 2, "fields": {"order": 2, "product": 1, "price": "11999.99", "qty": 1, "size": null}}, {"model": "orders.orderitem", "pk": 3, "fields": {"order": 3, "product": 1, "price": "11999.99", "qty": 2, "size": "m"}}, {"model": "orders.orderitem", "pk": 5, "fields": {"order": 3, "product": 3, "price": "23000.00", "qty": 1, "size": "S"}}, {"model": "orders.orderitem", "pk": 6, "fields": {"order": 4, "product": 1, "price": "11999.99", "qty": 1, "size": "m"}}, {"model": "orders.orderitem", "pk": 7, "fields": {"order": 5, "product": 1, "price": "11999.99", "qty": 1, "size": "m"}}, {"model": "orders.orderitem", "pk": 8, "fields": {"order": 6, "product": 1, "price": "11999.99", "qty": 1, "size": "m"}}, {"model": "orders.orderitem", "pk": 9, "fields": {"order": 7, "product": 1, "price": "11999.99", "qty": 1, "size": "s"}}, {"model": "orders.orderitem", "pk": 11, "fields": {"order": 9, "product": 1, "price": "11999.99", "qty": 1, "size": "s"}}, {"model": "orders.orderitem", "pk": 12, "fields": {"order": 9, "product": 1, "price": "11999.99", "qty": 1, "size": "m"}}, {"model": "orders.orderitem", "pk": 13, "fields": {"order": 9, "product": 3, "price": "23000.00", "qty": 1, "size": "M"}}, {"model": "orders.orderitem", "pk": 14, "fields": {"order": 9, "product": 3, "price": "23000.00", "qty": 1, "size": "S"}}, {"model": "thumbnail.kvstore", "pk": "sorl-thumbnail||image||016905e6f5dfbbb910b6411d256b45a8", "fields": {"value": "{\"name\": \"main_image/\\u0444\\u043b\\u0438\\u043f_2f06i63.png\", \"storage\": \"django.core.files.storage.FileSystemStorage\", \"size\": [441, 297]}"}}, {"model": "thumbnail.kvstore", "pk": "sorl-thumbnail||image||0788ed159790d6090705bf82a8b25bc4", "fields": {"value": "{\"name\": \"cache/5b/ab/5bab32abe7491c0045ed9af2ca0a1d62.jpg\", \"storage\": \"django.core.files.storage.FileSystemStorage\", \"size\": [244, 300]}"}}, {"model": "thumbnail.kvstore", "pk": "sorl-thumbnail||image||096729939ac41dc765c2b839ee2b53cd", "fields": {"value": "{\"name\": \"cache/85/01/850182fb422210d06809efa00a4d94e4.jpg\", \"storage\": \"django.core.files.storage.FileSystemStorage\", \"size\": [300, 340]}"}}, {"model": "thumbnail.kvstore", "pk": "sorl-thumbnail||image||0a1b4ec77ed26d2988c3487e5dcb2368", "fields": {"value": "{\"name\": \"cache/fc/a8/fca8ae277ff85fcc46b3b58adba38de9.jpg\", \"storage\": \"django.core.files.storage.FileSystemStorage\", \"size\": [250, 250]}"}}, {"model": "thumbnail.kvstore", "pk": "sorl-thumbnail||image||0e8cb5f4ab0a027b1b3f07069753d200", "fields": {"value": "{\"name\": \"cache/e4/11/e41134824144f0ce4511c93b6d1e994c.jpg\", \"storage\": \"django.core.files.storage.FileSystemStorage\", \"size\": [150, 250]}"}}, {"model": "thumbnail.kvstore", "pk": "sorl-thumbnail||image||1581e5244251b0e065a351f8bc3773c7", "fields": {"value": "{\"name\": \"cache/2e/7f/2e7f460e3ad4c466b80479ea3d364247.png\", \"storage\": \"django.core.files.storage.FileSystemStorage\", \"size\": [100, 100]}"}}, {"model": "thumbnail.kvstore", "pk": "sorl-thumbnail||image||1bb7f49a441874358cd563f7db463413", "fields": {"value": "{\"name\": \"main_image/\\u0444\\u043b\\u0438\\u043f_osak9qC.png\", \"storage\": \"django.core.files.storage.FileSystemStorage\", \"size\": [441, 297]}"}}, {"model": "thumbnail.kvstore", "pk": "sorl-thumbnail||image||1d88832787d708754de001af93a0a54f", "fields": {"value": "{\"name\": \"cache/02/1a/021ac9d741505f0044fade9897e60ca0.jpg\", \"storage\": \"django.core.files.storage.FileSystemStorage\", \"size\": [504, 385]}"}}, {"model": "thumbnail.kvstore", "pk": "sorl-thumbnail||image||211964179bcefecc7d3eb98edfcd7a09", "fields": {"value": "{\"name\": \"cache/99/fd/99fd5c02d09a57414d1ccd6443567454.jpg\", \"storage\": \"django.core.files.storage.FileSystemStorage\", \"size\": [319, 344]}"}}, {"model": "thumbnail.kvstore", "pk": "sorl-thumbnail||image||2382659fdd384c75fcafa4efb302921b", "fields": {"value": "{\"name\": \"cache/c9/94/c99405c326a1127e28f21bc0af5baa19.jpg\", \"storage\": \"django.core.files.storage.FileSystemStorage\", \"size\": [535, 605]}"}}, {"model": "thumbnail.kvstore", "pk": "sorl-thumbnail||image||2ebab9e7804ba413e92eac1776123570", "fields": {"value": "{\"name\": \"cache/18/0c/180c421ab3784dd2b070b63fe9b81ce7.jpg\", \"storage\": \"django.core.files.storage.FileSystemStorage\", \"size\": [150, 250]}"}}, {"model": "thumbnail.kvstore", "pk": "sorl-thumbnail||image||36e5a285da7c9e9ea604c183159e00b0", "fields": {"value": "{\"name\": \"cache/fb/fa/fbfadf04e6fd5e153825ce94c8c68052.jpg\", \"storage\": \"django.core.files.storage.FileSystemStorage\", \"size\": [319, 344]}"}}, {"model": "thumbnail.kvstore", "pk": "sorl-thumbnail||image||3a83d70e6e664d1822d39732277b3cb0", "fields": {"value": "{\"name\": \"cache/13/5e/135e7c4645a0119260a5f003be237395.jpg\", \"storage\": \"django.core.files.storage.FileSystemStorage\", \"size\": [200, 250]}"}}, {"model": "thumbnail.kvstore", "pk": "sorl-thumbnail||image||3fe9e5c5d31c04e19ae2d3d2b7d0b2d0", "fields": {"value": "{\"name\": \"cache/a5/0f/a50fa4d36f66af796b6b4a65716deb19.png\", \"storage\": \"django.core.files.storage.FileSystemStorage\", \"size\": [100, 100]}"}}, {"model": "thumbnail.kvstore", "pk": "sorl-thumbnail||image||44ea552735d8a1441d99ded29fa19e17", "fields": {"value": "{\"name\": \"cache/43/7c/437cd4ea8d8d958b1c07b5af7161ed1f.jpg\", \"storage\": \"django.core.files.storage.FileSystemStorage\", \"size\": [244, 300]}"}}, {"model": "thumbnail.kvstore", "pk": "sorl-thumbnail||image||4b2b963c82c2c11efa55cdda2b88353c", "fields": {"value": "{\"name\": \"cache/c8/67/c867ac549a6bcf5830fcb53423db001e.jpg\", \"storage\": \"django.core.files.storage.FileSystemStorage\", \"size\": [535, 605]}"}}, {"model": "thumbnail.kvstore", "pk": "sorl-thumbnail||image||515008a569c6b7a3579f1251449042f8", "fields": {"value": "{\"name\": \"cache/c4/5e/c45ec263b6bd82b183f7ae6b3d509ac2.jpg\", \"storage\": \"django.core.files.storage.FileSystemStorage\", \"size\": [504, 385]}"}}, {"model": "thumbnail.kvstore", "pk": "sorl-thumbnail||image||51740b6b6b08955a7353bd19dc05584d", "fields": {"value": "{\"name\": \"main_image/\\u0444\\u043b\\u0438\\u043f_GBdJoIq.png\", \"storage\": \"django.core.files.storage.FileSystemStorage\", \"size\": [441, 297]}"}}, {"model": "thumbnail.kvstore", "pk": "sorl-thumbnail||image||5aa809fe5d959de4249c9ec3433c35cc", "fields": {"value": "{\"name\": \"cache/45/2c/452c26066ce3f8260a6c6c1182d2f27a.jpg\", \"storage\": \"django.core.files.storage.FileSystemStorage\", \"size\": [150, 250]}"}}, {"model": "thumbnail.kvstore", "pk": "sorl-thumbnail||image||5e29825f792b394419e8dcbcf1d33b45", "fields": {"value": "{\"name\": \"cache/9d/5e/9d5e4ff61913d73f340f421304309001.jpg\", \"storage\": \"django.core.files.storage.FileSystemStorage\", \"size\": [100, 100]}"}}, {"model": "thumbnail.kvstore", "pk": "sorl-thumbnail||image||5e62d4da63b16028f7f9f1326534e496", "fields": {"value": "{\"name\": \"cache/64/3b/643bb35664a64f91c9cbaf1223def6f4.jpg\", \"storage\": \"django.core.files.storage.FileSystemStorage\", \"size\": [200, 250]}"}}, {"model": "thumbnail.kvstore", "pk": "sorl-thumbnail||image||60b20401ffecb0935fca799774965758", "fields": {"value": "{\"name\": \"product/19a0d3f83d85dba22284b2471a704257_767x.progressive_lFmExmd.webp\", \"storage\": \"django.core.files.storage.FileSystemStorage\", \"size\": [767, 868]}"}}, {"model": "thumbnail.kvstore", "pk": "sorl-thumbnail||image||61edde0bb856c9e810bae2c1ba559082", "fields": {"value": "{\"name\": \"product/19a0d3f83d85dba22284b2471a704257_767x.progressive_t4hvtZu.webp\", \"storage\": \"django.core.files.storage.FileSystemStorage\", \"size\": [767, 868]}"}}, {"model": "thumbnail.kvstore", "pk": "sorl-thumbnail||image||635536781f85d66d11e55bc4c610d2ee", "fields": {"value": "{\"name\": \"cache/c8/bd/c8bd5380f698e9b02dec63bae84144dc.jpg\", \"storage\": \"django.core.files.storage.FileSystemStorage\", \"size\": [100, 100]}"}}, {"model": "thumbnail.kvstore", "pk": "sorl-thumbnail||image||65c91912cea31e50db33f642bc84e19d", "fields": {"value": "{\"name\": \"cache/47/02/47024a658b88e8e947435fbc7db1c1cb.jpg\", \"storage\": \"django.core.files.storage.FileSystemStorage\", \"size\": [319, 344]}"}}, {"model": "thumbnail.kvstore", "pk": "sorl-thumbnail||image||679349020a4b727b086dcc5cb80af5ad", "fields": {"value": "{\"name\": \"cache/64/2c/642c614229901567642de625f6c27c08.jpg\", \"storage\": \"django.core.files.storage.FileSystemStorage\", \"size\": [504, 385]}"}}, {"model": "thumbnail.kvstore", "pk": "sorl-thumbnail||image||68ea26688980e0a6898d9c2679ff38a5", "fields": {"value": "{\"name\": \"cache/e9/41/e941f402d6dc4605f3d06331139ef69d.jpg\", \"storage\": \"django.core.files.storage.FileSystemStorage\", \"size\": [535, 605]}"}}, {"model": "thumbnail.kvstore", "pk": "sorl-thumbnail||image||7db6e845a9995524294c43b83456f5ea", "fields": {"value": "{\"name\": \"brand/\\u0444\\u043b\\u0438\\u043f_qW0iqpw.png\", \"storage\": \"django.core.files.storage.FileSystemStorage\", \"size\": [441, 297]}"}}, {"model": "thumbnail.kvstore", "pk": "sorl-thumbnail||image||7f798f5ee3865ddb7fcb214b2aa913cd", "fields": {"value": "{\"name\": \"cache/38/c3/38c373c168be4edd27244ef905fd2ed6.jpg\", \"storage\": \"django.core.files.storage.FileSystemStorage\", \"size\": [300, 300]}"}}, {"model": "thumbnail.kvstore", "pk": "sorl-thumbnail||image||7fa4a71e5ed8107964c2ab44ca340720", "fields": {"value": "{\"name\": \"cache/a0/71/a07144d4078503493d84ffbadbe75916.jpg\", \"storage\": \"django.core.files.storage.FileSystemStorage\", \"size\": [244, 300]}"}}, {"model": "thumbnail.kvstore", "pk": "sorl-thumbnail||image||81e48eb2eca613ad1903fa880484a255", "fields": {"value": "{\"name\": \"cache/17/bc/17bc73081ece0b4adb209269ab72b378.jpg\", \"storage\": \"django.core.files.storage.FileSystemStorage\", \"size\": [319, 344]}"}}, {"model": "thumbnail.kvstore", "pk": "sorl-thumbnail||image||8211f8cb2c2d21917f49bf5042f998d6", "fields": {"value": "{\"name\": \"product/19a0d3f83d85dba22284b2471a704257_767x.progressive_Q9hmYxP.webp\", \"storage\": \"django.core.files.storage.FileSystemStorage\", \"size\": [767, 868]}"}}, {"model": "thumbnail.kvstore", "pk": "sorl-thumbnail||image||83f0e2baab45a1c2d89760265969ccdb", "fields": {"value": "{\"name\": \"cache/26/fd/26fdd04704ab3845633ed4bbb1c3b358.jpg\", \"storage\": \"django.core.files.storage.FileSystemStorage\", \"size\": [244, 300]}"}}, {"model": "thumbnail.kvstore", "pk": "sorl-thumbnail||image||8487b841b6fbcb11da0b3396e2f224cd", "fields": {"value": "{\"name\": \"cache/f5/6f/f56fe9c9e5b39388de19a7c1721b2d46.jpg\", \"storage\": \"django.core.files.storage.FileSystemStorage\", \"size\": [100, 100]}"}}, {"model": "thumbnail.kvstore", "pk": "sorl-thumbnail||image||8893966fbbf2afd470227e6162a518a1", "fields": {"value": "{\"name\": \"main_image/\\u0444\\u043b\\u0438\\u043f_pmhcKnc.png\", \"storage\": \"django.core.files.storage.FileSystemStorage\", \"size\": [441, 297]}"}}, {"model": "thumbnail.kvstore", "pk": "sorl-thumbnail||image||895d71025d4d6da09ab53982a6525c18", "fields": {"value": "{\"name\": \"cache/7f/8b/7f8b08a1ec28c8d7baf1a2a9daeaec4a.jpg\", \"storage\": \"django.core.files.storage.FileSystemStorage\", \"size\": [319, 344]}"}}, {"model": "thumbnail.kvstore", "pk": "sorl-thumbnail||image||8fee5ead72153f69bea66b884ddc7deb", "fields": {"value": "{\"name\": \"cache/6e/9c/6e9c7ce6dfb17f918bb697cc622e16e1.jpg\", \"storage\": \"django.core.files.storage.FileSystemStorage\", \"size\": [535, 605]}"}}, {"model": "thumbnail.kvstore", "pk": "sorl-thumbnail||image||952c9186d733a7bc0733026ab0d1031d", "fields": {"value": "{\"name\": \"cache/0d/1b/0d1b91470b6df770ee2a6789b55c9288.jpg\", \"storage\": \"django.core.files.storage.FileSystemStorage\", \"size\": [100, 100]}"}}, {"model": "thumbnail.kvstore", "pk": "sorl-thumbnail||image||9bea2eaec9f2050c228f33c38fad8479", "fields": {"value": "{\"name\": \"cache/cb/aa/cbaa731a4c66619ed4589d6a14dbbd0f.jpg\", \"storage\": \"django.core.files.storage.FileSystemStorage\", \"size\": [319, 344]}"}}, {"model": "thumbnail.kvstore", "pk": "sorl-thumbnail||image||9da48d23381b70f455ea28b746f5f739", "fields": {"value": "{\"name\": \"brand/\\u0444\\u043b\\u0438\\u043f_L4KWepQ.png\", \"storage\": \"django.core.files.storage.FileSystemStorage\", \"size\": [441, 297]}"}}, {"model": "thumbnail.kvstore", "pk": "sorl-thumbnail||image||9e3151cad7f0ec106697a57c6d638f65", "fields": {"value": "{\"name\": \"main_image/\\u0444\\u043b\\u0438\\u043f_gmUsXvN.png\", \"storage\": \"django.core.files.storage.FileSystemStorage\", \"size\": [441, 297]}"}}, {"model": "thumbnail.kvstore", "pk": "sorl-thumbnail||image||9f67486bff6c4e86feacea6fb8bc231f", "fields": {"value": "{\"name\": \"cache/d9/5d/d95d6cead2d54fc577ce038fbd9feaa6.jpg\", \"storage\": \"django.core.files.storage.FileSystemStorage\", \"size\": [535, 605]}"}}, {"model": "thumbnail.kvstore", "pk": "sorl-thumbnail||image||ab7ac563998488996d031aef748cea22", "fields": {"value": "{\"name\": \"cache/24/93/24937b140e732af8ceab16eb79465e68.jpg\", \"storage\": \"django.core.files.storage.FileSystemStorage\", \"size\": [300, 340]}"}}, {"model": "thumbnail.kvstore", "pk": "sorl-thumbnail||image||b011f0988119c703aa8426280651901b", "fields": {"value": "{\"name\": \"cache/80/87/80873460ad35e61d0393bb28d606a8bd.jpg\", \"storage\": \"django.core.files.storage.FileSystemStorage\", \"size\": [244, 300]}"}}, {"model": "thumbnail.kvstore", "pk": "sorl-thumbnail||image||b6ff529e1bac157f129b784e6bbaf3aa", "fields": {"value": "{\"name\": \"cache/5c/75/5c758aecaf38e5c06305e1833e32d2db.jpg\", \"storage\": \"django.core.files.storage.FileSystemStorage\", \"size\": [300, 340]}"}}, {"model": "thumbnail.kvstore", "pk": "sorl-thumbnail||image||c0acb7a441cce1c69d0e8d2b921a26cd", "fields": {"value": "{\"name\": \"cache/19/db/19db6b6cddc96135fed7e3f2ba146f9d.jpg\", \"storage\": \"django.core.files.storage.FileSystemStorage\", \"size\": [300, 340]}"}}, {"model": "thumbnail.kvstore", "pk": "sorl-thumbnail||image||c17d39c10ef4837c05f2ecb08f05146d", "fields": {"value": "{\"name\": \"cache/e4/e4/e4e4188f58f435969875346f38006b42.jpg\", \"storage\": \"django.core.files.storage.FileSystemStorage\", \"size\": [300, 340]}"}}, {"model": "thumbnail.kvstore", "pk": "sorl-thumbnail||image||c8bf858b7929df053b6edae7ae9f670a", "fields": {"value": "{\"name\": \"cache/96/dd/96dd1f14361ed7f1ba26c0a8ff10002d.jpg\", \"storage\": \"django.core.files.storage.FileSystemStorage\", \"size\": [504, 385]}"}}, {"model": "thumbnail.kvstore", "pk": "sorl-thumbnail||image||cd2ec2863a3463efd862d045713ba8ce", "fields": {"value": "{\"name\": \"cache/72/fb/72fb22299b4368afbf6444889ad8e9db.jpg\", \"storage\": \"django.core.files.storage.FileSystemStorage\", \"size\": [300, 340]}"}}, {"model": "thumbnail.kvstore", "pk": "sorl-thumbnail||image||ce04f87062a4ff23150ea47decf5f6f6", "fields": {"value": "{\"name\": \"brand/\\u0444\\u043b\\u0438\\u043f_of3VKzv.png\", \"storage\": \"django.core.files.storage.FileSystemStorage\", \"size\": [441, 297]}"}}, {"model": "thumbnail.kvstore", "pk": "sorl-thumbnail||image||ce4f2c9b58edf9400da388f3cf46b190", "fields": {"value": "{\"name\": \"cache/6a/1f/6a1fc52f942ea237c113a36c00e9d91b.jpg\", \"storage\": \"django.core.files.storage.FileSystemStorage\", \"size\": [535, 605]}"}}, {"model": "thumbnail.kvstore", "pk": "sorl-thumbnail||image||cf9190bf9c288c1f62791067a6cfe093", "fields": {"value": "{\"name\": \"cache/10/4e/104ea59b55a73793e0a8718d9ab22e4a.jpg\", \"storage\": \"django.core.files.storage.FileSystemStorage\", \"size\": [200, 250]}"}}, {"model": "thumbnail.kvstore", "pk": "sorl-thumbnail||image||d126d24517b58ba262e0774e19ce38b1", "fields": {"value": "{\"name\": \"brand/\\u0444\\u043b\\u0438\\u043f_V1fUHMO.png\", \"storage\": \"django.core.files.storage.FileSystemStorage\", \"size\": [441, 297]}"}}, {"model": "thumbnail.kvstore", "pk": "sorl-thumbnail||image||deadc44abe9d7cbe73fd789f69385db3", "fields": {"value": "{\"name\": \"product/19a0d3f83d85dba22284b2471a704257_767x.progressive_GxsxLTY.webp\", \"storage\": \"django.core.files.storage.FileSystemStorage\", \"size\": [767, 868]}"}}, {"model": "thumbnail.kvstore", "pk": "sorl-thumbnail||image||df25538e46f0ab052232ec5a9c89cc62", "fields": {"value": "{\"name\": \"cache/42/0a/420a40e6eef4edeeb6f72d6c7cda1a2f.jpg\", \"storage\": \"django.core.files.storage.FileSystemStorage\", \"size\": [244, 300]}"}}, {"model": "thumbnail.kvstore", "pk": "sorl-thumbnail||image||dfc4ddb5c04ce1faf5ae9673483ed506", "fields": {"value": "{\"name\": \"cache/3c/9f/3c9f180a05085a28a7adb7d371072c3b.jpg\", \"storage\": \"django.core.files.storage.FileSystemStorage\", \"size\": [535, 605]}"}}, {"model": "thumbnail.kvstore", "pk": "sorl-thumbnail||image||e469a3708fce942d29fdb47be94425ba", "fields": {"value": "{\"name\": \"cache/e3/56/e356223f55c0891f1207abc35bf31fac.jpg\", \"storage\": \"django.core.files.storage.FileSystemStorage\", \"size\": [200, 250]}"}}, {"model": "thumbnail.kvstore", "pk": "sorl-thumbnail||image||e9f6eb9eb3b34c38d291973366143d0c", "fields": {"value": "{\"name\": \"main_image/\\u0444\\u043b\\u0438\\u043f_z7Iik83.png\", \"storage\": \"django.core.files.storage.FileSystemStorage\", \"size\": [441, 297]}"}}, {"model": "thumbnail.kvstore", "pk": "sorl-thumbnail||image||eeb6f25d6f8e6f4de756634c055648f2", "fields": {"value": "{\"name\": \"cache/88/66/88665dbe9a7849d1e90d9df032ddfc16.jpg\", \"storage\": \"django.core.files.storage.FileSystemStorage\", \"size\": [150, 150]}"}}, {"model": "thumbnail.kvstore", "pk": "sorl-thumbnail||image||ef00162f60afa889825caa0f0770561c", "fields": {"value": "{\"name\": \"cache/be/5d/be5d055b3613f357674726ac81594738.jpg\", \"storage\": \"django.core.files.storage.FileSystemStorage\", \"size\": [535, 605]}"}}, {"model": "thumbnail.kvstore", "pk": "sorl-thumbnail||image||fb265d897fc24f855ce19a4d84513a83", "fields": {"value": "{\"name\": \"cache/0f/80/0f8025964dfad1e3351ebd6eec3664fc.png\", \"storage\": \"django.core.files.storage.FileSystemStorage\", \"size\": [100, 100]}"}}, {"model": "thumbnail.kvstore", "pk": "sorl-thumbnail||thumbnails||016905e6f5dfbbb910b6411d256b45a8", "fields": {"value": "[\"44ea552735d8a1441d99ded29fa19e17\", \"5aa809fe5d959de4249c9ec3433c35cc\", \"096729939ac41dc765c2b839ee2b53cd\", \"3a83d70e6e664d1822d39732277b3cb0\", \"895d71025d4d6da09ab53982a6525c18\", \"fb265d897fc24f855ce19a4d84513a83\", \"635536781f85d66d11e55bc4c610d2ee\"]"}}, {"model": "thumbnail.kvstore", "pk": "sorl-thumbnail||thumbnails||1bb7f49a441874358cd563f7db463413", "fields": {"value": "[\"65c91912cea31e50db33f642bc84e19d\", \"b011f0988119c703aa8426280651901b\", \"2ebab9e7804ba413e92eac1776123570\", \"c17d39c10ef4837c05f2ecb08f05146d\", \"5e62d4da63b16028f7f9f1326534e496\"]"}}, {"model": "thumbnail.kvstore", "pk": "sorl-thumbnail||thumbnails||51740b6b6b08955a7353bd19dc05584d", "fields": {"value": "[\"81e48eb2eca613ad1903fa880484a255\", \"7fa4a71e5ed8107964c2ab44ca340720\", \"1581e5244251b0e065a351f8bc3773c7\", \"cd2ec2863a3463efd862d045713ba8ce\", \"cf9190bf9c288c1f62791067a6cfe093\", \"952c9186d733a7bc0733026ab0d1031d\"]"}}, {"model": "thumbnail.kvstore", "pk": "sorl-thumbnail||thumbnails||60b20401ffecb0935fca799774965758", "fields": {"value": "[\"dfc4ddb5c04ce1faf5ae9673483ed506\", \"ef00162f60afa889825caa0f0770561c\"]"}}, {"model": "thumbnail.kvstore", "pk": "sorl-thumbnail||thumbnails||61edde0bb856c9e810bae2c1ba559082", "fields": {"value": "[\"ce4f2c9b58edf9400da388f3cf46b190\", \"4b2b963c82c2c11efa55cdda2b88353c\"]"}}, {"model": "thumbnail.kvstore", "pk": "sorl-thumbnail||thumbnails||7db6e845a9995524294c43b83456f5ea", "fields": {"value": "[\"679349020a4b727b086dcc5cb80af5ad\"]"}}, {"model": "thumbnail.kvstore", "pk": "sorl-thumbnail||thumbnails||8211f8cb2c2d21917f49bf5042f998d6", "fields": {"value": "[\"68ea26688980e0a6898d9c2679ff38a5\", \"8fee5ead72153f69bea66b884ddc7deb\"]"}}, {"model": "thumbnail.kvstore", "pk": "sorl-thumbnail||thumbnails||8893966fbbf2afd470227e6162a518a1", "fields": {"value": "[\"0788ed159790d6090705bf82a8b25bc4\", \"ab7ac563998488996d031aef748cea22\", \"9bea2eaec9f2050c228f33c38fad8479\"]"}}, {"model": "thumbnail.kvstore", "pk": "sorl-thumbnail||thumbnails||9da48d23381b70f455ea28b746f5f739", "fields": {"value": "[\"0a1b4ec77ed26d2988c3487e5dcb2368\", \"1d88832787d708754de001af93a0a54f\", \"eeb6f25d6f8e6f4de756634c055648f2\", \"8487b841b6fbcb11da0b3396e2f224cd\", \"7f798f5ee3865ddb7fcb214b2aa913cd\"]"}}, {"model": "thumbnail.kvstore", "pk": "sorl-thumbnail||thumbnails||9e3151cad7f0ec106697a57c6d638f65", "fields": {"value": "[\"0e8cb5f4ab0a027b1b3f07069753d200\", \"5e29825f792b394419e8dcbcf1d33b45\", \"e469a3708fce942d29fdb47be94425ba\", \"df25538e46f0ab052232ec5a9c89cc62\", \"3fe9e5c5d31c04e19ae2d3d2b7d0b2d0\", \"c0acb7a441cce1c69d0e8d2b921a26cd\", \"36e5a285da7c9e9ea604c183159e00b0\"]"}}, {"model": "thumbnail.kvstore", "pk": "sorl-thumbnail||thumbnails||ce04f87062a4ff23150ea47decf5f6f6", "fields": {"value": "[\"c8bf858b7929df053b6edae7ae9f670a\"]"}}, {"model": "thumbnail.kvstore", "pk": "sorl-thumbnail||thumbnails||d126d24517b58ba262e0774e19ce38b1", "fields": {"value": "[\"515008a569c6b7a3579f1251449042f8\"]"}}, {"model": "thumbnail.kvstore", "pk": "sorl-thumbnail||thumbnails||deadc44abe9d7cbe73fd789f69385db3", "fields": {"value": "[\"2382659fdd384c75fcafa4efb302921b\", \"9f67486bff6c4e86feacea6fb8bc231f\"]"}}, {"model": "thumbnail.kvstore", "pk": "sorl-thumbnail||thumbnails||e9f6eb9eb3b34c38d291973366143d0c", "fields": {"value": "[\"b6ff529e1bac157f129b784e6bbaf3aa\", \"211964179bcefecc7d3eb98edfcd7a09\", \"83f0e2baab45a1c2d89760265969ccdb\"]"}}]